date,state,market,commodity,min_price,max_price,modal_price,unit
2026-02-01,Madhya Pradesh,Indore,Wheat,1978,2205,2118,Rs./quintal
2026-02-04,Madhya Pradesh,Indore,Wheat,2109,2376,2211,Rs./quintal
2026-02-07,Madhya Pradesh,Indore,Wheat,2001,2193,2126,Rs./quintal
2026-02-10,Madhya Pradesh,Indore,Wheat,2026,2210,2143,Rs./quintal
2026-02-13,Madhya Pradesh,Indore,Wheat,2039,2264,2141,Rs./quintal
2026-02-16,Madhya Pradesh,Indore,Wheat,2035,2294,2143,Rs./quintal
2026-02-19,Madhya Pradesh,Indore,Wheat,2031,2252,2115,Rs./quintal
2026-02-22,Madhya Pradesh,Indore,Wheat,2003,2327,2159,Rs./quintal
2026-02-25,Madhya Pradesh,Indore,Wheat,1996,2234,2159,Rs./quintal
2026-02-28,Madhya Pradesh,Indore,Wheat,2114,2382,2225,Rs./quintal
2026-03-03,Madhya Pradesh,Indore,Wheat,2124,2419,2243,Rs./quintal
2026-03-06,Madhya Pradesh,Indore,Wheat,2082,2354,2197,Rs./quintal
2026-03-09,Madhya Pradesh,Indore,Wheat,2146,2359,2228,Rs./quintal
2026-03-12,Madhya Pradesh,Indore,Wheat,2066,2333,2240,Rs./quintal
2026-03-15,Madhya Pradesh,Indore,Wheat,2019,2276,2185,Rs./quintal
2026-03-18,Madhya Pradesh,Indore,Wheat,2017,2293,2160,Rs./quintal
2026-03-21,Madhya Pradesh,Indore,Wheat,2060,2284,2195,Rs./quintal
2026-03-24,Madhya Pradesh,Indore,Wheat,2110,2318,2182,Rs./quintal
2026-03-27,Madhya Pradesh,Indore,Wheat,2068,2375,2227,Rs./quintal
2026-03-30,Madhya Pradesh,Indore,Wheat,2036,2340,2168,Rs./quintal
2026-04-02,Madhya Pradesh,Indore,Wheat,2147,2410,2265,Rs./quintal
2026-04-05,Madhya Pradesh,Indore,Wheat,2198,2387,2292,Rs./quintal
2026-04-08,Madhya Pradesh,Indore,Wheat,2043,2278,2183,Rs./quintal
2026-04-11,Madhya Pradesh,Indore,Wheat,2134,2370,2207,Rs./quintal
2026-04-14,Madhya Pradesh,Indore,Wheat,2116,2332,2221,Rs./quintal
2026-04-17,Madhya Pradesh,Indore,Wheat,2171,2402,2302,Rs./quintal
2026-04-20,Madhya Pradesh,Indore,Wheat,2097,2307,2212,Rs./quintal
2026-04-23,Madhya Pradesh,Indore,Wheat,2178,2370,2257,Rs./quintal
2026-04-26,Madhya Pradesh,Indore,Wheat,2141,2330,2208,Rs./quintal
2026-04-29,Madhya Pradesh,Indore,Wheat,2021,2269,2191,Rs./quintal
2026-05-02,Madhya Pradesh,Indore,Wheat,2204,2414,2297,Rs./quintal
2026-05-05,Madhya Pradesh,Indore,Wheat,2085,2397,2220,Rs./quintal
2026-05-08,Madhya Pradesh,Indore,Wheat,2212,2451,2284,Rs./quintal
2026-05-11,Madhya Pradesh,Indore,Wheat,2116,2355,2213,Rs./quintal
2026-05-14,Madhya Pradesh,Indore,Wheat,2133,2427,2285,Rs./quintal
2026-05-17,Madhya Pradesh,Indore,Wheat,2096,2343,2226,Rs./quintal
2026-05-20,Madhya Pradesh,Indore,Wheat,2257,2443,2342,Rs./quintal
2026-05-23,Madhya Pradesh,Indore,Wheat,2118,2452,2280,Rs./quintal
2026-05-26,Madhya Pradesh,Indore,Wheat,2178,2474,2330,Rs./quintal
2026-05-29,Madhya Pradesh,Indore,Wheat,2128,2450,2294,Rs./quintal
2026-06-01,Madhya Pradesh,Indore,Wheat,2224,2450,2319,Rs./quintal
2026-06-04,Madhya Pradesh,Indore,Wheat,2101,2314,2244,Rs./quintal
2026-06-07,Madhya Pradesh,Indore,Wheat,2287,2543,2373,Rs./quintal
2026-06-10,Madhya Pradesh,Indore,Wheat,2111,2456,2287,Rs./quintal
2026-06-13,Madhya Pradesh,Indore,Wheat,2196,2505,2376,Rs./quintal
2026-06-16,Madhya Pradesh,Indore,Wheat,2159,2408,2254,Rs./quintal
2026-06-19,Madhya Pradesh,Indore,Wheat,2135,2392,2262,Rs./quintal
2026-06-22,Madhya Pradesh,Indore,Wheat,2198,2398,2281,Rs./quintal
2026-06-25,Madhya Pradesh,Indore,Wheat,2153,2425,2274,Rs./quintal
2026-06-28,Madhya Pradesh,Indore,Wheat,2126,2453,2272,Rs./quintal
2026-07-01,Madhya Pradesh,Indore,Wheat,2232,2502,2370,Rs./quintal
2026-07-04,Madhya Pradesh,Indore,Wheat,2137,2403,2295,Rs./quintal
2026-07-07,Madhya Pradesh,Indore,Wheat,2199,2458,2361,Rs./quintal
2026-07-10,Madhya Pradesh,Indore,Wheat,2177,2383,2288,Rs./quintal
2026-07-13,Madhya Pradesh,Indore,Wheat,2317,2487,2406,Rs./quintal
2026-07-16,Madhya Pradesh,Indore,Wheat,2204,2406,2312,Rs./quintal
2026-07-19,Madhya Pradesh,Indore,Wheat,2221,2431,2297,Rs./quintal
2026-07-22,Madhya Pradesh,Indore,Wheat,2249,2510,2345,Rs./quintal
2026-07-25,Madhya Pradesh,Indore,Wheat,2132,2424,2305,Rs./quintal
2026-07-28,Madhya Pradesh,Indore,Wheat,2206,2493,2338,Rs./quintal
2026-07-31,Madhya Pradesh,Indore,Wheat,2300,2456,2373,Rs./quintal
2026-02-01,Madhya Pradesh,Indore,Rice,2318,2509,2407,Rs./quintal
2026-02-04,Madhya Pradesh,Indore,Rice,2251,2511,2389,Rs./quintal
2026-02-07,Madhya Pradesh,Indore,Rice,2237,2582,2399,Rs./quintal
2026-02-10,Madhya Pradesh,Indore,Rice,2330,2558,2419,Rs./quintal
2026-02-13,Madhya Pradesh,Indore,Rice,2301,2542,2372,Rs./quintal
2026-02-16,Madhya Pradesh,Indore,Rice,2399,2663,2483,Rs./quintal
2026-02-19,Madhya Pradesh,Indore,Rice,2253,2483,2386,Rs./quintal
2026-02-22,Madhya Pradesh,Indore,Rice,2228,2532,2414,Rs./quintal
2026-02-25,Madhya Pradesh,Indore,Rice,2319,2657,2485,Rs./quintal
2026-02-28,Madhya Pradesh,Indore,Rice,2279,2610,2421,Rs./quintal
2026-03-03,Madhya Pradesh,Indore,Rice,2380,2677,2511,Rs./quintal
2026-03-06,Madhya Pradesh,Indore,Rice,2251,2597,2408,Rs./quintal
2026-03-09,Madhya Pradesh,Indore,Rice,2330,2626,2460,Rs./quintal
2026-03-12,Madhya Pradesh,Indore,Rice,2274,2528,2396,Rs./quintal
2026-03-15,Madhya Pradesh,Indore,Rice,2314,2689,2494,Rs./quintal
2026-03-18,Madhya Pradesh,Indore,Rice,2229,2542,2399,Rs./quintal
2026-03-21,Madhya Pradesh,Indore,Rice,2303,2561,2472,Rs./quintal
2026-03-24,Madhya Pradesh,Indore,Rice,2329,2647,2498,Rs./quintal
2026-03-27,Madhya Pradesh,Indore,Rice,2319,2611,2465,Rs./quintal
2026-03-30,Madhya Pradesh,Indore,Rice,2371,2552,2453,Rs./quintal
2026-04-02,Madhya Pradesh,Indore,Rice,2332,2627,2502,Rs./quintal
2026-04-05,Madhya Pradesh,Indore,Rice,2334,2610,2496,Rs./quintal
2026-04-08,Madhya Pradesh,Indore,Rice,2315,2639,2506,Rs./quintal
2026-04-11,Madhya Pradesh,Indore,Rice,2460,2622,2537,Rs./quintal
2026-04-14,Madhya Pradesh,Indore,Rice,2276,2626,2439,Rs./quintal
2026-04-17,Madhya Pradesh,Indore,Rice,2431,2644,2522,Rs./quintal
2026-04-20,Madhya Pradesh,Indore,Rice,2340,2592,2433,Rs./quintal
2026-04-23,Madhya Pradesh,Indore,Rice,2413,2645,2489,Rs./quintal
2026-04-26,Madhya Pradesh,Indore,Rice,2320,2523,2414,Rs./quintal
2026-04-29,Madhya Pradesh,Indore,Rice,2413,2587,2495,Rs./quintal
2026-05-02,Madhya Pradesh,Indore,Rice,2269,2593,2452,Rs./quintal
2026-05-05,Madhya Pradesh,Indore,Rice,2348,2634,2471,Rs./quintal
2026-05-08,Madhya Pradesh,Indore,Rice,2344,2569,2463,Rs./quintal
2026-05-11,Madhya Pradesh,Indore,Rice,2411,2679,2498,Rs./quintal
2026-05-14,Madhya Pradesh,Indore,Rice,2305,2556,2449,Rs./quintal
2026-05-17,Madhya Pradesh,Indore,Rice,2337,2589,2438,Rs./quintal
2026-05-20,Madhya Pradesh,Indore,Rice,2364,2612,2470,Rs./quintal
2026-05-23,Madhya Pradesh,Indore,Rice,2293,2575,2491,Rs./quintal
2026-05-26,Madhya Pradesh,Indore,Rice,2459,2694,2548,Rs./quintal
2026-05-29,Madhya Pradesh,Indore,Rice,2412,2636,2541,Rs./quintal
2026-06-01,Madhya Pradesh,Indore,Rice,2318,2664,2478,Rs./quintal
2026-06-04,Madhya Pradesh,Indore,Rice,2467,2754,2562,Rs./quintal
2026-06-07,Madhya Pradesh,Indore,Rice,2320,2575,2488,Rs./quintal
2026-06-10,Madhya Pradesh,Indore,Rice,2468,2689,2560,Rs./quintal
2026-06-13,Madhya Pradesh,Indore,Rice,2356,2734,2540,Rs./quintal
2026-06-16,Madhya Pradesh,Indore,Rice,2491,2752,2571,Rs./quintal
2026-06-19,Madhya Pradesh,Indore,Rice,2370,2745,2573,Rs./quintal
2026-06-22,Madhya Pradesh,Indore,Rice,2419,2678,2503,Rs./quintal
2026-06-25,Madhya Pradesh,Indore,Rice,2470,2682,2571,Rs./quintal
2026-06-28,Madhya Pradesh,Indore,Rice,2370,2750,2561,Rs./quintal
2026-07-01,Madhya Pradesh,Indore,Rice,2417,2780,2596,Rs./quintal
2026-07-04,Madhya Pradesh,Indore,Rice,2380,2723,2545,Rs./quintal
2026-07-07,Madhya Pradesh,Indore,Rice,2317,2615,2515,Rs./quintal
2026-07-10,Madhya Pradesh,Indore,Rice,2435,2726,2528,Rs./quintal
2026-07-13,Madhya Pradesh,Indore,Rice,2401,2648,2522,Rs./quintal
2026-07-16,Madhya Pradesh,Indore,Rice,2472,2812,2611,Rs./quintal
2026-07-19,Madhya Pradesh,Indore,Rice,2422,2598,2501,Rs./quintal
2026-07-22,Madhya Pradesh,Indore,Rice,2435,2701,2609,Rs./quintal
2026-07-25,Madhya Pradesh,Indore,Rice,2431,2658,2542,Rs./quintal
2026-07-28,Madhya Pradesh,Indore,Rice,2423,2689,2563,Rs./quintal
2026-07-31,Madhya Pradesh,Indore,Rice,2388,2728,2560,Rs./quintal
2026-02-01,Madhya Pradesh,Indore,Soybean,4034,4541,4260,Rs./quintal
2026-02-04,Madhya Pradesh,Indore,Soybean,3991,4387,4185,Rs./quintal
2026-02-07,Madhya Pradesh,Indore,Soybean,3727,4092,3910,Rs./quintal
2026-02-10,Madhya Pradesh,Indore,Soybean,3859,4275,4010,Rs./quintal
2026-02-13,Madhya Pradesh,Indore,Soybean,3746,4206,4004,Rs./quintal
2026-02-16,Madhya Pradesh,Indore,Soybean,3782,4193,4046,Rs./quintal
2026-02-19,Madhya Pradesh,Indore,Soybean,3919,4312,4053,Rs./quintal
2026-02-22,Madhya Pradesh,Indore,Soybean,4041,4441,4250,Rs./quintal
2026-02-25,Madhya Pradesh,Indore,Soybean,3777,4287,4105,Rs./quintal
2026-02-28,Madhya Pradesh,Indore,Soybean,3850,4312,4057,Rs./quintal
2026-03-03,Madhya Pradesh,Indore,Soybean,3759,4152,3990,Rs./quintal
2026-03-06,Madhya Pradesh,Indore,Soybean,3853,4272,3993,Rs./quintal
2026-03-09,Madhya Pradesh,Indore,Soybean,3579,4088,3872,Rs./quintal
2026-03-12,Madhya Pradesh,Indore,Soybean,3800,4345,4057,Rs./quintal
2026-03-15,Madhya Pradesh,Indore,Soybean,3915,4274,4105,Rs./quintal
2026-03-18,Madhya Pradesh,Indore,Soybean,3578,4048,3884,Rs./quintal
2026-03-21,Madhya Pradesh,Indore,Soybean,3844,4128,3994,Rs./quintal
2026-03-24,Madhya Pradesh,Indore,Soybean,3777,4128,3970,Rs./quintal
2026-03-27,Madhya Pradesh,Indore,Soybean,3857,4255,4083,Rs./quintal
2026-03-30,Madhya Pradesh,Indore,Soybean,3742,4341,4066,Rs./quintal
2026-04-02,Madhya Pradesh,Indore,Soybean,3729,4237,4030,Rs./quintal
2026-04-05,Madhya Pradesh,Indore,Soybean,3675,4009,3797,Rs./quintal
2026-04-08,Madhya Pradesh,Indore,Soybean,3494,4018,3747,Rs./quintal
2026-04-11,Madhya Pradesh,Indore,Soybean,3751,4155,3907,Rs./quintal
2026-04-14,Madhya Pradesh,Indore,Soybean,3908,4434,4115,Rs./quintal
2026-04-17,Madhya Pradesh,Indore,Soybean,3877,4347,4078,Rs./quintal
2026-04-20,Madhya Pradesh,Indore,Soybean,3775,4151,3926,Rs./quintal
2026-04-23,Madhya Pradesh,Indore,Soybean,3905,4299,4080,Rs./quintal
2026-04-26,Madhya Pradesh,Indore,Soybean,3570,4066,3829,Rs./quintal
2026-04-29,Madhya Pradesh,Indore,Soybean,3811,4275,4028,Rs./quintal
2026-05-02,Madhya Pradesh,Indore,Soybean,3473,3925,3759,Rs./quintal
2026-05-05,Madhya Pradesh,Indore,Soybean,3517,3972,3758,Rs./quintal
2026-05-08,Madhya Pradesh,Indore,Soybean,3452,3946,3706,Rs./quintal
2026-05-11,Madhya Pradesh,Indore,Soybean,3624,4123,3925,Rs./quintal
2026-05-14,Madhya Pradesh,Indore,Soybean,3633,4018,3862,Rs./quintal
2026-05-17,Madhya Pradesh,Indore,Soybean,3682,4041,3815,Rs./quintal
2026-05-20,Madhya Pradesh,Indore,Soybean,3775,4189,3921,Rs./quintal
2026-05-23,Madhya Pradesh,Indore,Soybean,3496,3980,3799,Rs./quintal
2026-05-26,Madhya Pradesh,Indore,Soybean,3796,4249,3943,Rs./quintal
2026-05-29,Madhya Pradesh,Indore,Soybean,3651,4033,3814,Rs./quintal
2026-06-01,Madhya Pradesh,Indore,Soybean,3544,3963,3807,Rs./quintal
2026-06-04,Madhya Pradesh,Indore,Soybean,3450,3919,3744,Rs./quintal
2026-06-07,Madhya Pradesh,Indore,Soybean,3607,3983,3836,Rs./quintal
2026-06-10,Madhya Pradesh,Indore,Soybean,3479,3986,3756,Rs./quintal
2026-06-13,Madhya Pradesh,Indore,Soybean,3374,3799,3590,Rs./quintal
2026-06-16,Madhya Pradesh,Indore,Soybean,3418,3722,3590,Rs./quintal
2026-06-19,Madhya Pradesh,Indore,Soybean,3463,3938,3754,Rs./quintal
2026-06-22,Madhya Pradesh,Indore,Soybean,3427,3909,3660,Rs./quintal
2026-06-25,Madhya Pradesh,Indore,Soybean,3565,3990,3723,Rs./quintal
2026-06-28,Madhya Pradesh,Indore,Soybean,3396,3789,3675,Rs./quintal
2026-07-01,Madhya Pradesh,Indore,Soybean,3597,3884,3708,Rs./quintal
2026-07-04,Madhya Pradesh,Indore,Soybean,3596,3984,3749,Rs./quintal
2026-07-07,Madhya Pradesh,Indore,Soybean,3664,3938,3787,Rs./quintal
2026-07-10,Madhya Pradesh,Indore,Soybean,3262,3644,3516,Rs./quintal
2026-07-13,Madhya Pradesh,Indore,Soybean,3561,3910,3756,Rs./quintal
2026-07-16,Madhya Pradesh,Indore,Soybean,3610,3912,3767,Rs./quintal
2026-07-19,Madhya Pradesh,Indore,Soybean,3574,3866,3733,Rs./quintal
2026-07-22,Madhya Pradesh,Indore,Soybean,3690,3946,3811,Rs./quintal
2026-07-25,Madhya Pradesh,Indore,Soybean,3291,3743,3518,Rs./quintal
2026-07-28,Madhya Pradesh,Indore,Soybean,3630,4116,3862,Rs./quintal
2026-07-31,Madhya Pradesh,Indore,Soybean,3376,3754,3537,Rs./quintal
2026-02-01,Madhya Pradesh,Indore,Onion,1399,1541,1454,Rs./quintal
2026-02-04,Madhya Pradesh,Indore,Onion,1154,1273,1191,Rs./quintal
2026-02-07,Madhya Pradesh,Indore,Onion,1208,1345,1283,Rs./quintal
2026-02-10,Madhya Pradesh,Indore,Onion,1262,1445,1347,Rs./quintal
2026-02-13,Madhya Pradesh,Indore,Onion,1364,1589,1474,Rs./quintal
2026-02-16,Madhya Pradesh,Indore,Onion,1345,1490,1399,Rs./quintal
2026-02-19,Madhya Pradesh,Indore,Onion,1261,1421,1318,Rs./quintal
2026-02-22,Madhya Pradesh,Indore,Onion,1202,1323,1252,Rs./quintal
2026-02-25,Madhya Pradesh,Indore,Onion,1260,1427,1338,Rs./quintal
2026-02-28,Madhya Pradesh,Indore,Onion,1204,1340,1251,Rs./quintal
2026-03-03,Madhya Pradesh,Indore,Onion,1203,1301,1248,Rs./quintal
2026-03-06,Madhya Pradesh,Indore,Onion,1340,1479,1410,Rs./quintal
2026-03-09,Madhya Pradesh,Indore,Onion,1177,1271,1223,Rs./quintal
2026-03-12,Madhya Pradesh,Indore,Onion,1250,1363,1302,Rs./quintal
2026-03-15,Madhya Pradesh,Indore,Onion,1517,1658,1588,Rs./quintal
2026-03-18,Madhya Pradesh,Indore,Onion,1176,1258,1216,Rs./quintal
2026-03-21,Madhya Pradesh,Indore,Onion,1435,1622,1519,Rs./quintal
2026-03-24,Madhya Pradesh,Indore,Onion,1434,1588,1506,Rs./quintal
2026-03-27,Madhya Pradesh,Indore,Onion,1433,1614,1550,Rs./quintal
2026-03-30,Madhya Pradesh,Indore,Onion,1410,1596,1507,Rs./quintal
2026-04-02,Madhya Pradesh,Indore,Onion,1418,1575,1498,Rs./quintal
2026-04-05,Madhya Pradesh,Indore,Onion,1519,1728,1622,Rs./quintal
2026-04-08,Madhya Pradesh,Indore,Onion,1312,1458,1407,Rs./quintal
2026-04-11,Madhya Pradesh,Indore,Onion,1270,1449,1371,Rs./quintal
2026-04-14,Madhya Pradesh,Indore,Onion,1514,1695,1629,Rs./quintal
2026-04-17,Madhya Pradesh,Indore,Onion,1437,1621,1503,Rs./quintal
2026-04-20,Madhya Pradesh,Indore,Onion,1422,1575,1522,Rs./quintal
2026-04-23,Madhya Pradesh,Indore,Onion,1278,1425,1372,Rs./quintal
2026-04-26,Madhya Pradesh,Indore,Onion,1221,1346,1290,Rs./quintal
2026-04-29,Madhya Pradesh,Indore,Onion,1635,1837,1725,Rs./quintal
2026-05-02,Madhya Pradesh,Indore,Onion,1370,1500,1422,Rs./quintal
2026-05-05,Madhya Pradesh,Indore,Onion,1689,1875,1780,Rs./quintal
2026-05-08,Madhya Pradesh,Indore,Onion,1461,1623,1572,Rs./quintal
2026-05-11,Madhya Pradesh,Indore,Onion,1711,1942,1813,Rs./quintal
2026-05-14,Madhya Pradesh,Indore,Onion,1435,1648,1553,Rs./quintal
2026-05-17,Madhya Pradesh,Indore,Onion,1286,1468,1387,Rs./quintal
2026-05-20,Madhya Pradesh,Indore,Onion,1461,1561,1507,Rs./quintal
2026-05-23,Madhya Pradesh,Indore,Onion,1642,1848,1728,Rs./quintal
2026-05-26,Madhya Pradesh,Indore,Onion,1390,1546,1469,Rs./quintal
2026-05-29,Madhya Pradesh,Indore,Onion,1516,1699,1574,Rs./quintal
2026-06-01,Madhya Pradesh,Indore,Onion,1520,1695,1598,Rs./quintal
2026-06-04,Madhya Pradesh,Indore,Onion,1760,1892,1819,Rs./quintal
2026-06-07,Madhya Pradesh,Indore,Onion,1477,1609,1550,Rs./quintal
2026-06-10,Madhya Pradesh,Indore,Onion,1414,1577,1531,Rs./quintal
2026-06-13,Madhya Pradesh,Indore,Onion,1588,1747,1672,Rs./quintal
2026-06-16,Madhya Pradesh,Indore,Onion,1490,1662,1560,Rs./quintal
2026-06-19,Madhya Pradesh,Indore,Onion,1598,1802,1674,Rs./quintal
2026-06-22,Madhya Pradesh,Indore,Onion,1754,1960,1844,Rs./quintal
2026-06-25,Madhya Pradesh,Indore,Onion,1805,2028,1918,Rs./quintal
2026-06-28,Madhya Pradesh,Indore,Onion,1711,1898,1772,Rs./quintal
2026-07-01,Madhya Pradesh,Indore,Onion,1456,1639,1568,Rs./quintal
2026-07-04,Madhya Pradesh,Indore,Onion,1833,2019,1933,Rs./quintal
2026-07-07,Madhya Pradesh,Indore,Onion,1523,1700,1596,Rs./quintal
2026-07-10,Madhya Pradesh,Indore,Onion,1926,2149,2038,Rs./quintal
2026-07-13,Madhya Pradesh,Indore,Onion,1450,1654,1573,Rs./quintal
2026-07-16,Madhya Pradesh,Indore,Onion,1588,1762,1703,Rs./quintal
2026-07-19,Madhya Pradesh,Indore,Onion,1970,2168,2048,Rs./quintal
2026-07-22,Madhya Pradesh,Indore,Onion,1981,2172,2042,Rs./quintal
2026-07-25,Madhya Pradesh,Indore,Onion,1544,1789,1675,Rs./quintal
2026-07-28,Madhya Pradesh,Indore,Onion,1698,1918,1783,Rs./quintal
2026-07-31,Madhya Pradesh,Indore,Onion,1544,1727,1627,Rs./quintal
2026-02-01,Madhya Pradesh,Indore,Tomato,940,1050,1003,Rs./quintal
2026-02-04,Madhya Pradesh,Indore,Tomato,1233,1341,1281,Rs./quintal
2026-02-07,Madhya Pradesh,Indore,Tomato,1207,1392,1292,Rs./quintal
2026-02-10,Madhya Pradesh,Indore,Tomato,1278,1420,1349,Rs./quintal
2026-02-13,Madhya Pradesh,Indore,Tomato,1039,1197,1110,Rs./quintal
2026-02-16,Madhya Pradesh,Indore,Tomato,1090,1245,1153,Rs./quintal
2026-02-19,Madhya Pradesh,Indore,Tomato,1208,1340,1275,Rs./quintal
2026-02-22,Madhya Pradesh,Indore,Tomato,984,1120,1049,Rs./quintal
2026-02-25,Madhya Pradesh,Indore,Tomato,1206,1310,1259,Rs./quintal
2026-02-28,Madhya Pradesh,Indore,Tomato,1182,1286,1223,Rs./quintal
2026-03-03,Madhya Pradesh,Indore,Tomato,1295,1508,1398,Rs./quintal
2026-03-06,Madhya Pradesh,Indore,Tomato,1259,1402,1351,Rs./quintal
2026-03-09,Madhya Pradesh,Indore,Tomato,1252,1367,1321,Rs./quintal
2026-03-12,Madhya Pradesh,Indore,Tomato,1497,1632,1550,Rs./quintal
2026-03-15,Madhya Pradesh,Indore,Tomato,1055,1157,1097,Rs./quintal
2026-03-18,Madhya Pradesh,Indore,Tomato,1330,1468,1407,Rs./quintal
2026-03-21,Madhya Pradesh,Indore,Tomato,1423,1530,1468,Rs./quintal
2026-03-24,Madhya Pradesh,Indore,Tomato,1241,1422,1321,Rs./quintal
2026-03-27,Madhya Pradesh,Indore,Tomato,1252,1394,1299,Rs./quintal
2026-03-30,Madhya Pradesh,Indore,Tomato,1131,1239,1179,Rs./quintal
2026-04-02,Madhya Pradesh,Indore,Tomato,1551,1758,1641,Rs./quintal
2026-04-05,Madhya Pradesh,Indore,Tomato,1194,1353,1277,Rs./quintal
2026-04-08,Madhya Pradesh,Indore,Tomato,1585,1741,1678,Rs./quintal
2026-04-11,Madhya Pradesh,Indore,Tomato,1331,1502,1420,Rs./quintal
2026-04-14,Madhya Pradesh,Indore,Tomato,1342,1489,1423,Rs./quintal
2026-04-17,Madhya Pradesh,Indore,Tomato,1169,1296,1224,Rs./quintal
2026-04-20,Madhya Pradesh,Indore,Tomato,1198,1289,1249,Rs./quintal
2026-04-23,Madhya Pradesh,Indore,Tomato,1466,1643,1535,Rs./quintal
2026-04-26,Madhya Pradesh,Indore,Tomato,1273,1430,1335,Rs./quintal
2026-04-29,Madhya Pradesh,Indore,Tomato,1575,1720,1667,Rs./quintal
2026-05-02,Madhya Pradesh,Indore,Tomato,1436,1623,1512,Rs./quintal
2026-05-05,Madhya Pradesh,Indore,Tomato,1635,1834,1736,Rs./quintal
2026-05-08,Madhya Pradesh,Indore,Tomato,1419,1559,1484,Rs./quintal
2026-05-11,Madhya Pradesh,Indore,Tomato,1488,1690,1604,Rs./quintal
2026-05-14,Madhya Pradesh,Indore,Tomato,1681,1910,1794,Rs./quintal
2026-05-17,Madhya Pradesh,Indore,Tomato,1541,1717,1601,Rs./quintal
2026-05-20,Madhya Pradesh,Indore,Tomato,1623,1807,1728,Rs./quintal
2026-05-23,Madhya Pradesh,Indore,Tomato,1574,1764,1643,Rs./quintal
2026-05-26,Madhya Pradesh,Indore,Tomato,1136,1306,1230,Rs./quintal
2026-05-29,Madhya Pradesh,Indore,Tomato,1712,1884,1765,Rs./quintal
2026-06-01,Madhya Pradesh,Indore,Tomato,1469,1686,1588,Rs./quintal
2026-06-04,Madhya Pradesh,Indore,Tomato,1766,1995,1874,Rs./quintal
2026-06-07,Madhya Pradesh,Indore,Tomato,1747,2026,1894,Rs./quintal
2026-06-10,Madhya Pradesh,Indore,Tomato,1404,1552,1496,Rs./quintal
2026-06-13,Madhya Pradesh,Indore,Tomato,1567,1767,1652,Rs./quintal
2026-06-16,Madhya Pradesh,Indore,Tomato,1308,1520,1416,Rs./quintal
2026-06-19,Madhya Pradesh,Indore,Tomato,1593,1838,1709,Rs./quintal
2026-06-22,Madhya Pradesh,Indore,Tomato,1318,1458,1398,Rs./quintal
2026-06-25,Madhya Pradesh,Indore,Tomato,1355,1575,1472,Rs./quintal
2026-06-28,Madhya Pradesh,Indore,Tomato,1806,1965,1893,Rs./quintal
2026-07-01,Madhya Pradesh,Indore,Tomato,1613,1823,1721,Rs./quintal
2026-07-04,Madhya Pradesh,Indore,Tomato,1751,1939,1860,Rs./quintal
2026-07-07,Madhya Pradesh,Indore,Tomato,1865,2104,2005,Rs./quintal
2026-07-10,Madhya Pradesh,Indore,Tomato,1631,1853,1750,Rs./quintal
2026-07-13,Madhya Pradesh,Indore,Tomato,1759,1895,1814,Rs./quintal
2026-07-16,Madhya Pradesh,Indore,Tomato,2000,2191,2099,Rs./quintal
2026-07-19,Madhya Pradesh,Indore,Tomato,1725,1930,1808,Rs./quintal
2026-07-22,Madhya Pradesh,Indore,Tomato,1372,1523,1444,Rs./quintal
2026-07-25,Madhya Pradesh,Indore,Tomato,1913,2190,2047,Rs./quintal
2026-07-28,Madhya Pradesh,Indore,Tomato,1722,1951,1837,Rs./quintal
2026-07-31,Madhya Pradesh,Indore,Tomato,1762,1969,1847,Rs./quintal
2026-02-01,Madhya Pradesh,Bhopal,Wheat,2121,2397,2229,Rs./quintal
2026-02-04,Madhya Pradesh,Bhopal,Wheat,2061,2318,2203,Rs./quintal
2026-02-07,Madhya Pradesh,Bhopal,Wheat,2100,2271,2195,Rs./quintal
2026-02-10,Madhya Pradesh,Bhopal,Wheat,2065,2241,2157,Rs./quintal
2026-02-13,Madhya Pradesh,Bhopal,Wheat,2023,2304,2136,Rs./quintal
2026-02-16,Madhya Pradesh,Bhopal,Wheat,2113,2344,2188,Rs./quintal
2026-02-19,Madhya Pradesh,Bhopal,Wheat,2069,2268,2152,Rs./quintal
2026-02-22,Madhya Pradesh,Bhopal,Wheat,2129,2328,2224,Rs./quintal
2026-02-25,Madhya Pradesh,Bhopal,Wheat,2066,2213,2134,Rs./quintal
2026-02-28,Madhya Pradesh,Bhopal,Wheat,2162,2394,2245,Rs./quintal
2026-03-03,Madhya Pradesh,Bhopal,Wheat,2209,2441,2281,Rs./quintal
2026-03-06,Madhya Pradesh,Bhopal,Wheat,2110,2267,2199,Rs./quintal
2026-03-09,Madhya Pradesh,Bhopal,Wheat,2095,2363,2222,Rs./quintal
2026-03-12,Madhya Pradesh,Bhopal,Wheat,2126,2399,2240,Rs./quintal
2026-03-15,Madhya Pradesh,Bhopal,Wheat,2106,2371,2276,Rs./quintal
2026-03-18,Madhya Pradesh,Bhopal,Wheat,2077,2279,2154,Rs./quintal
2026-03-21,Madhya Pradesh,Bhopal,Wheat,2115,2347,2272,Rs./quintal
2026-03-24,Madhya Pradesh,Bhopal,Wheat,2182,2362,2260,Rs./quintal
2026-03-27,Madhya Pradesh,Bhopal,Wheat,2044,2375,2205,Rs./quintal
2026-03-30,Madhya Pradesh,Bhopal,Wheat,2070,2267,2191,Rs./quintal
2026-04-02,Madhya Pradesh,Bhopal,Wheat,2134,2424,2303,Rs./quintal
2026-04-05,Madhya Pradesh,Bhopal,Wheat,2176,2449,2273,Rs./quintal
2026-04-08,Madhya Pradesh,Bhopal,Wheat,2143,2323,2239,Rs./quintal
2026-04-11,Madhya Pradesh,Bhopal,Wheat,2071,2361,2239,Rs./quintal
2026-04-14,Madhya Pradesh,Bhopal,Wheat,2165,2309,2238,Rs./quintal
2026-04-17,Madhya Pradesh,Bhopal,Wheat,2104,2406,2233,Rs./quintal
2026-04-20,Madhya Pradesh,Bhopal,Wheat,2126,2446,2298,Rs./quintal
2026-04-23,Madhya Pradesh,Bhopal,Wheat,2186,2364,2256,Rs./quintal
2026-04-26,Madhya Pradesh,Bhopal,Wheat,2078,2317,2236,Rs./quintal
2026-04-29,Madhya Pradesh,Bhopal,Wheat,2165,2442,2297,Rs./quintal
2026-05-02,Madhya Pradesh,Bhopal,Wheat,2188,2375,2303,Rs./quintal
2026-05-05,Madhya Pradesh,Bhopal,Wheat,2165,2407,2323,Rs./quintal
2026-05-08,Madhya Pradesh,Bhopal,Wheat,2117,2450,2293,Rs./quintal
2026-05-11,Madhya Pradesh,Bhopal,Wheat,2089,2409,2244,Rs./quintal
2026-05-14,Madhya Pradesh,Bhopal,Wheat,2097,2431,2261,Rs./quintal
2026-05-17,Madhya Pradesh,Bhopal,Wheat,2134,2299,2216,Rs./quintal
2026-05-20,Madhya Pradesh,Bhopal,Wheat,2082,2319,2233,Rs./quintal
2026-05-23,Madhya Pradesh,Bhopal,Wheat,2124,2377,2306,Rs./quintal
2026-05-26,Madhya Pradesh,Bhopal,Wheat,2166,2431,2324,Rs./quintal
2026-05-29,Madhya Pradesh,Bhopal,Wheat,2066,2389,2239,Rs./quintal
2026-06-01,Madhya Pradesh,Bhopal,Wheat,2223,2447,2322,Rs./quintal
2026-06-04,Madhya Pradesh,Bhopal,Wheat,2229,2441,2357,Rs./quintal
2026-06-07,Madhya Pradesh,Bhopal,Wheat,2243,2394,2319,Rs./quintal
2026-06-10,Madhya Pradesh,Bhopal,Wheat,2272,2490,2358,Rs./quintal
2026-06-13,Madhya Pradesh,Bhopal,Wheat,2238,2388,2312,Rs./quintal
2026-06-16,Madhya Pradesh,Bhopal,Wheat,2176,2464,2315,Rs./quintal
2026-06-19,Madhya Pradesh,Bhopal,Wheat,2237,2395,2317,Rs./quintal
2026-06-22,Madhya Pradesh,Bhopal,Wheat,2148,2335,2260,Rs./quintal
2026-06-25,Madhya Pradesh,Bhopal,Wheat,2176,2418,2287,Rs./quintal
2026-06-28,Madhya Pradesh,Bhopal,Wheat,2225,2424,2294,Rs./quintal
2026-07-01,Madhya Pradesh,Bhopal,Wheat,2229,2428,2346,Rs./quintal
2026-07-04,Madhya Pradesh,Bhopal,Wheat,2293,2531,2382,Rs./quintal
2026-07-07,Madhya Pradesh,Bhopal,Wheat,2286,2488,2391,Rs./quintal
2026-07-10,Madhya Pradesh,Bhopal,Wheat,2185,2456,2346,Rs./quintal
2026-07-13,Madhya Pradesh,Bhopal,Wheat,2207,2428,2346,Rs./quintal
2026-07-16,Madhya Pradesh,Bhopal,Wheat,2233,2457,2343,Rs./quintal
2026-07-19,Madhya Pradesh,Bhopal,Wheat,2226,2381,2304,Rs./quintal
2026-07-22,Madhya Pradesh,Bhopal,Wheat,2219,2484,2400,Rs./quintal
2026-07-25,Madhya Pradesh,Bhopal,Wheat,2293,2525,2387,Rs./quintal
2026-07-28,Madhya Pradesh,Bhopal,Wheat,2242,2475,2365,Rs./quintal
2026-07-31,Madhya Pradesh,Bhopal,Wheat,2157,2446,2300,Rs./quintal
2026-02-01,Madhya Pradesh,Bhopal,Rice,2446,2759,2558,Rs./quintal
2026-02-04,Madhya Pradesh,Bhopal,Rice,2366,2673,2524,Rs./quintal
2026-02-07,Madhya Pradesh,Bhopal,Rice,2358,2577,2475,Rs./quintal
2026-02-10,Madhya Pradesh,Bhopal,Rice,2369,2581,2462,Rs./quintal
2026-02-13,Madhya Pradesh,Bhopal,Rice,2414,2723,2544,Rs./quintal
2026-02-16,Madhya Pradesh,Bhopal,Rice,2475,2736,2555,Rs./quintal
2026-02-19,Madhya Pradesh,Bhopal,Rice,2405,2605,2526,Rs./quintal
2026-02-22,Madhya Pradesh,Bhopal,Rice,2466,2676,2565,Rs./quintal
2026-02-25,Madhya Pradesh,Bhopal,Rice,2360,2583,2471,Rs./quintal
2026-02-28,Madhya Pradesh,Bhopal,Rice,2292,2674,2491,Rs./quintal
2026-03-03,Madhya Pradesh,Bhopal,Rice,2392,2639,2545,Rs./quintal
2026-03-06,Madhya Pradesh,Bhopal,Rice,2353,2725,2553,Rs./quintal
2026-03-09,Madhya Pradesh,Bhopal,Rice,2352,2618,2500,Rs./quintal
2026-03-12,Madhya Pradesh,Bhopal,Rice,2409,2693,2520,Rs./quintal
2026-03-15,Madhya Pradesh,Bhopal,Rice,2352,2628,2545,Rs./quintal
2026-03-18,Madhya Pradesh,Bhopal,Rice,2371,2652,2493,Rs./quintal
2026-03-21,Madhya Pradesh,Bhopal,Rice,2390,2644,2508,Rs./quintal
2026-03-24,Madhya Pradesh,Bhopal,Rice,2361,2700,2529,Rs./quintal
2026-03-27,Madhya Pradesh,Bhopal,Rice,2341,2597,2487,Rs./quintal
2026-03-30,Madhya Pradesh,Bhopal,Rice,2417,2721,2559,Rs./quintal
2026-04-02,Madhya Pradesh,Bhopal,Rice,2353,2654,2504,Rs./quintal
2026-04-05,Madhya Pradesh,Bhopal,Rice,2337,2600,2499,Rs./quintal
2026-04-08,Madhya Pradesh,Bhopal,Rice,2346,2632,2515,Rs./quintal
2026-04-11,Madhya Pradesh,Bhopal,Rice,2392,2596,2499,Rs./quintal
2026-04-14,Madhya Pradesh,Bhopal,Rice,2432,2686,2546,Rs./quintal
2026-04-17,Madhya Pradesh,Bhopal,Rice,2501,2692,2604,Rs./quintal
2026-04-20,Madhya Pradesh,Bhopal,Rice,2405,2689,2608,Rs./quintal
2026-04-23,Madhya Pradesh,Bhopal,Rice,2519,2770,2616,Rs./quintal
2026-04-26,Madhya Pradesh,Bhopal,Rice,2457,2702,2571,Rs./quintal
2026-04-29,Madhya Pradesh,Bhopal,Rice,2315,2629,2513,Rs./quintal
2026-05-02,Madhya Pradesh,Bhopal,Rice,2497,2814,2626,Rs./quintal
2026-05-05,Madhya Pradesh,Bhopal,Rice,2442,2833,2642,Rs./quintal
2026-05-08,Madhya Pradesh,Bhopal,Rice,2425,2698,2554,Rs./quintal
2026-05-11,Madhya Pradesh,Bhopal,Rice,2408,2695,2574,Rs./quintal
2026-05-14,Madhya Pradesh,Bhopal,Rice,2382,2708,2566,Rs./quintal
2026-05-17,Madhya Pradesh,Bhopal,Rice,2399,2728,2537,Rs./quintal
2026-05-20,Madhya Pradesh,Bhopal,Rice,2456,2750,2568,Rs./quintal
2026-05-23,Madhya Pradesh,Bhopal,Rice,2449,2726,2628,Rs./quintal
2026-05-26,Madhya Pradesh,Bhopal,Rice,2421,2721,2548,Rs./quintal
2026-05-29,Madhya Pradesh,Bhopal,Rice,2422,2787,2608,Rs./quintal
2026-06-01,Madhya Pradesh,Bhopal,Rice,2503,2791,2613,Rs./quintal
2026-06-04,Madhya Pradesh,Bhopal,Rice,2519,2759,2607,Rs./quintal
2026-06-07,Madhya Pradesh,Bhopal,Rice,2503,2824,2631,Rs./quintal
2026-06-10,Madhya Pradesh,Bhopal,Rice,2439,2718,2630,Rs./quintal
2026-06-13,Madhya Pradesh,Bhopal,Rice,2437,2720,2606,Rs./quintal
2026-06-16,Madhya Pradesh,Bhopal,Rice,2415,2671,2555,Rs./quintal
2026-06-19,Madhya Pradesh,Bhopal,Rice,2406,2794,2607,Rs./quintal
2026-06-22,Madhya Pradesh,Bhopal,Rice,2464,2744,2558,Rs./quintal
2026-06-25,Madhya Pradesh,Bhopal,Rice,2484,2768,2628,Rs./quintal
2026-06-28,Madhya Pradesh,Bhopal,Rice,2514,2816,2620,Rs./quintal
2026-07-01,Madhya Pradesh,Bhopal,Rice,2529,2798,2633,Rs./quintal
2026-07-04,Madhya Pradesh,Bhopal,Rice,2469,2714,2616,Rs./quintal
2026-07-07,Madhya Pradesh,Bhopal,Rice,2389,2776,2582,Rs./quintal
2026-07-10,Madhya Pradesh,Bhopal,Rice,2503,2764,2619,Rs./quintal
2026-07-13,Madhya Pradesh,Bhopal,Rice,2420,2731,2596,Rs./quintal
2026-07-16,Madhya Pradesh,Bhopal,Rice,2489,2731,2631,Rs./quintal
2026-07-19,Madhya Pradesh,Bhopal,Rice,2450,2755,2623,Rs./quintal
2026-07-22,Madhya Pradesh,Bhopal,Rice,2487,2800,2618,Rs./quintal
2026-07-25,Madhya Pradesh,Bhopal,Rice,2455,2751,2659,Rs./quintal
2026-07-28,Madhya Pradesh,Bhopal,Rice,2488,2839,2663,Rs./quintal
2026-07-31,Madhya Pradesh,Bhopal,Rice,2568,2856,2660,Rs./quintal
2026-02-01,Madhya Pradesh,Bhopal,Soybean,3952,4465,4263,Rs./quintal
2026-02-04,Madhya Pradesh,Bhopal,Soybean,4226,4646,4426,Rs./quintal
2026-02-07,Madhya Pradesh,Bhopal,Soybean,4128,4463,4269,Rs./quintal
2026-02-10,Madhya Pradesh,Bhopal,Soybean,4007,4471,4176,Rs./quintal
2026-02-13,Madhya Pradesh,Bhopal,Soybean,4134,4588,4300,Rs./quintal
2026-02-16,Madhya Pradesh,Bhopal,Soybean,4076,4575,4307,Rs./quintal
2026-02-19,Madhya Pradesh,Bhopal,Soybean,3936,4398,4196,Rs./quintal
2026-02-22,Madhya Pradesh,Bhopal,Soybean,3809,4410,4093,Rs./quintal
2026-02-25,Madhya Pradesh,Bhopal,Soybean,3933,4379,4223,Rs./quintal
2026-02-28,Madhya Pradesh,Bhopal,Soybean,3897,4192,4050,Rs./quintal
2026-03-03,Madhya Pradesh,Bhopal,Soybean,4093,4572,4256,Rs./quintal
2026-03-06,Madhya Pradesh,Bhopal,Soybean,3702,4222,3952,Rs./quintal
2026-03-09,Madhya Pradesh,Bhopal,Soybean,3747,4143,3991,Rs./quintal
2026-03-12,Madhya Pradesh,Bhopal,Soybean,4104,4583,4281,Rs./quintal
2026-03-15,Madhya Pradesh,Bhopal,Soybean,3772,4207,4005,Rs./quintal
2026-03-18,Madhya Pradesh,Bhopal,Soybean,3930,4437,4217,Rs./quintal
2026-03-21,Madhya Pradesh,Bhopal,Soybean,3882,4268,4055,Rs./quintal
2026-03-24,Madhya Pradesh,Bhopal,Soybean,3890,4451,4158,Rs./quintal
2026-03-27,Madhya Pradesh,Bhopal,Soybean,3973,4331,4131,Rs./quintal
2026-03-30,Madhya Pradesh,Bhopal,Soybean,4196,4559,4329,Rs./quintal
2026-04-02,Madhya Pradesh,Bhopal,Soybean,3730,4196,3972,Rs./quintal
2026-04-05,Madhya Pradesh,Bhopal,Soybean,4084,4548,4250,Rs./quintal
2026-04-08,Madhya Pradesh,Bhopal,Soybean,3650,4157,3914,Rs./quintal
2026-04-11,Madhya Pradesh,Bhopal,Soybean,3993,4361,4213,Rs./quintal
2026-04-14,Madhya Pradesh,Bhopal,Soybean,4044,4387,4201,Rs./quintal
2026-04-17,Madhya Pradesh,Bhopal,Soybean,3891,4482,4168,Rs./quintal
2026-04-20,Madhya Pradesh,Bhopal,Soybean,3690,4221,3918,Rs./quintal
2026-04-23,Madhya Pradesh,Bhopal,Soybean,3721,4135,3948,Rs./quintal
2026-04-26,Madhya Pradesh,Bhopal,Soybean,3570,4082,3869,Rs./quintal
2026-04-29,Madhya Pradesh,Bhopal,Soybean,3834,4147,3954,Rs./quintal
2026-05-02,Madhya Pradesh,Bhopal,Soybean,3665,4065,3792,Rs./quintal
2026-05-05,Madhya Pradesh,Bhopal,Soybean,3876,4188,4039,Rs./quintal
2026-05-08,Madhya Pradesh,Bhopal,Soybean,3745,4147,3895,Rs./quintal
2026-05-11,Madhya Pradesh,Bhopal,Soybean,3664,4037,3836,Rs./quintal
2026-05-14,Madhya Pradesh,Bhopal,Soybean,3495,3945,3783,Rs./quintal
2026-05-17,Madhya Pradesh,Bhopal,Soybean,3897,4386,4113,Rs./quintal
2026-05-20,Madhya Pradesh,Bhopal,Soybean,3694,4168,3991,Rs./quintal
2026-05-23,Madhya Pradesh,Bhopal,Soybean,3598,4100,3901,Rs./quintal
2026-05-26,Madhya Pradesh,Bhopal,Soybean,3863,4243,4097,Rs./quintal
2026-05-29,Madhya Pradesh,Bhopal,Soybean,3933,4269,4141,Rs./quintal
2026-06-01,Madhya Pradesh,Bhopal,Soybean,3641,4051,3906,Rs./quintal
2026-06-04,Madhya Pradesh,Bhopal,Soybean,3681,4035,3872,Rs./quintal
2026-06-07,Madhya Pradesh,Bhopal,Soybean,3687,4001,3868,Rs./quintal
2026-06-10,Madhya Pradesh,Bhopal,Soybean,3772,4315,4085,Rs./quintal
2026-06-13,Madhya Pradesh,Bhopal,Soybean,3784,4128,3903,Rs./quintal
2026-06-16,Madhya Pradesh,Bhopal,Soybean,3639,4095,3857,Rs./quintal
2026-06-19,Madhya Pradesh,Bhopal,Soybean,3813,4214,4088,Rs./quintal
2026-06-22,Madhya Pradesh,Bhopal,Soybean,3761,4280,4013,Rs./quintal
2026-06-25,Madhya Pradesh,Bhopal,Soybean,3786,4214,3950,Rs./quintal
2026-06-28,Madhya Pradesh,Bhopal,Soybean,3537,4055,3835,Rs./quintal
2026-07-01,Madhya Pradesh,Bhopal,Soybean,3661,4214,3942,Rs./quintal
2026-07-04,Madhya Pradesh,Bhopal,Soybean,3637,4044,3809,Rs./quintal
2026-07-07,Madhya Pradesh,Bhopal,Soybean,3638,4212,3941,Rs./quintal
2026-07-10,Madhya Pradesh,Bhopal,Soybean,3557,3929,3806,Rs./quintal
2026-07-13,Madhya Pradesh,Bhopal,Soybean,3418,3991,3707,Rs./quintal
2026-07-16,Madhya Pradesh,Bhopal,Soybean,3711,4047,3828,Rs./quintal
2026-07-19,Madhya Pradesh,Bhopal,Soybean,3570,3875,3728,Rs./quintal
2026-07-22,Madhya Pradesh,Bhopal,Soybean,3613,4043,3767,Rs./quintal
2026-07-25,Madhya Pradesh,Bhopal,Soybean,3481,3940,3758,Rs./quintal
2026-07-28,Madhya Pradesh,Bhopal,Soybean,3801,4268,3971,Rs./quintal
2026-07-31,Madhya Pradesh,Bhopal,Soybean,3661,3986,3779,Rs./quintal
2026-02-01,Madhya Pradesh,Bhopal,Onion,1493,1689,1578,Rs./quintal
2026-02-04,Madhya Pradesh,Bhopal,Onion,1381,1585,1495,Rs./quintal
2026-02-07,Madhya Pradesh,Bhopal,Onion,1454,1606,1535,Rs./quintal
2026-02-10,Madhya Pradesh,Bhopal,Onion,1166,1278,1223,Rs./quintal
2026-02-13,Madhya Pradesh,Bhopal,Onion,1358,1536,1443,Rs./quintal
2026-02-16,Madhya Pradesh,Bhopal,Onion,1233,1435,1337,Rs./quintal
2026-02-19,Madhya Pradesh,Bhopal,Onion,1298,1397,1338,Rs./quintal
2026-02-22,Madhya Pradesh,Bhopal,Onion,1549,1655,1601,Rs./quintal
2026-02-25,Madhya Pradesh,Bhopal,Onion,1367,1559,1457,Rs./quintal
2026-02-28,Madhya Pradesh,Bhopal,Onion,1427,1530,1475,Rs./quintal
2026-03-03,Madhya Pradesh,Bhopal,Onion,1469,1581,1532,Rs./quintal
2026-03-06,Madhya Pradesh,Bhopal,Onion,1238,1353,1291,Rs./quintal
2026-03-09,Madhya Pradesh,Bhopal,Onion,1357,1517,1431,Rs./quintal
2026-03-12,Madhya Pradesh,Bhopal,Onion,1512,1639,1563,Rs./quintal
2026-03-15,Madhya Pradesh,Bhopal,Onion,1519,1691,1601,Rs./quintal
2026-03-18,Madhya Pradesh,Bhopal,Onion,1370,1499,1438,Rs./quintal
2026-03-21,Madhya Pradesh,Bhopal,Onion,1255,1384,1312,Rs./quintal
2026-03-24,Madhya Pradesh,Bhopal,Onion,1359,1495,1433,Rs./quintal
2026-03-27,Madhya Pradesh,Bhopal,Onion,1298,1487,1377,Rs./quintal
2026-03-30,Madhya Pradesh,Bhopal,Onion,1341,1464,1388,Rs./quintal
2026-04-02,Madhya Pradesh,Bhopal,Onion,1343,1468,1395,Rs./quintal
2026-04-05,Madhya Pradesh,Bhopal,Onion,1659,1822,1761,Rs./quintal
2026-04-08,Madhya Pradesh,Bhopal,Onion,1595,1734,1658,Rs./quintal
2026-04-11,Madhya Pradesh,Bhopal,Onion,1386,1587,1501,Rs./quintal
2026-04-14,Madhya Pradesh,Bhopal,Onion,1691,1872,1757,Rs./quintal
2026-04-17,Madhya Pradesh,Bhopal,Onion,1689,1898,1774,Rs./quintal
2026-04-20,Madhya Pradesh,Bhopal,Onion,1460,1640,1577,Rs./quintal
2026-04-23,Madhya Pradesh,Bhopal,Onion,1345,1446,1402,Rs./quintal
2026-04-26,Madhya Pradesh,Bhopal,Onion,1500,1710,1598,Rs./quintal
2026-04-29,Madhya Pradesh,Bhopal,Onion,1518,1652,1597,Rs./quintal
2026-05-02,Madhya Pradesh,Bhopal,Onion,1525,1676,1572,Rs./quintal
2026-05-05,Madhya Pradesh,Bhopal,Onion,1610,1800,1680,Rs./quintal
2026-05-08,Madhya Pradesh,Bhopal,Onion,1408,1544,1454,Rs./quintal
2026-05-11,Madhya Pradesh,Bhopal,Onion,1566,1720,1642,Rs./quintal
2026-05-14,Madhya Pradesh,Bhopal,Onion,1780,1971,1856,Rs./quintal
2026-05-17,Madhya Pradesh,Bhopal,Onion,1460,1586,1508,Rs./quintal
2026-05-20,Madhya Pradesh,Bhopal,Onion,1727,1940,1872,Rs./quintal
2026-05-23,Madhya Pradesh,Bhopal,Onion,1386,1562,1493,Rs./quintal
2026-05-26,Madhya Pradesh,Bhopal,Onion,1661,1909,1772,Rs./quintal
2026-05-29,Madhya Pradesh,Bhopal,Onion,1795,1944,1865,Rs./quintal
2026-06-01,Madhya Pradesh,Bhopal,Onion,1743,1906,1839,Rs./quintal
2026-06-04,Madhya Pradesh,Bhopal,Onion,1574,1755,1663,Rs./quintal
2026-06-07,Madhya Pradesh,Bhopal,Onion,1539,1651,1591,Rs./quintal
2026-06-10,Madhya Pradesh,Bhopal,Onion,1770,1963,1851,Rs./quintal
2026-06-13,Madhya Pradesh,Bhopal,Onion,1848,2088,1949,Rs./quintal
2026-06-16,Madhya Pradesh,Bhopal,Onion,1399,1611,1517,Rs./quintal
2026-06-19,Madhya Pradesh,Bhopal,Onion,1722,1932,1808,Rs./quintal
2026-06-22,Madhya Pradesh,Bhopal,Onion,1640,1818,1723,Rs./quintal
2026-06-25,Madhya Pradesh,Bhopal,Onion,1714,1977,1834,Rs./quintal
2026-06-28,Madhya Pradesh,Bhopal,Onion,1688,1871,1758,Rs./quintal
2026-07-01,Madhya Pradesh,Bhopal,Onion,1625,1817,1759,Rs./quintal
2026-07-04,Madhya Pradesh,Bhopal,Onion,1736,1913,1839,Rs./quintal
2026-07-07,Madhya Pradesh,Bhopal,Onion,1809,2060,1933,Rs./quintal
2026-07-10,Madhya Pradesh,Bhopal,Onion,1931,2163,2005,Rs./quintal
2026-07-13,Madhya Pradesh,Bhopal,Onion,1564,1763,1666,Rs./quintal
2026-07-16,Madhya Pradesh,Bhopal,Onion,1671,1848,1771,Rs./quintal
2026-07-19,Madhya Pradesh,Bhopal,Onion,1601,1808,1731,Rs./quintal
2026-07-22,Madhya Pradesh,Bhopal,Onion,1719,1885,1808,Rs./quintal
2026-07-25,Madhya Pradesh,Bhopal,Onion,1928,2174,2078,Rs./quintal
2026-07-28,Madhya Pradesh,Bhopal,Onion,1794,2048,1917,Rs./quintal
2026-07-31,Madhya Pradesh,Bhopal,Onion,1770,1975,1872,Rs./quintal
2026-02-01,Madhya Pradesh,Bhopal,Tomato,922,1006,953,Rs./quintal
2026-02-04,Madhya Pradesh,Bhopal,Tomato,1300,1464,1397,Rs./quintal
2026-02-07,Madhya Pradesh,Bhopal,Tomato,912,1037,965,Rs./quintal
2026-02-10,Madhya Pradesh,Bhopal,Tomato,1179,1321,1250,Rs./quintal
2026-02-13,Madhya Pradesh,Bhopal,Tomato,1262,1439,1340,Rs./quintal
2026-02-16,Madhya Pradesh,Bhopal,Tomato,1230,1346,1284,Rs./quintal
2026-02-19,Madhya Pradesh,Bhopal,Tomato,1072,1175,1130,Rs./quintal
2026-02-22,Madhya Pradesh,Bhopal,Tomato,1110,1268,1202,Rs./quintal
2026-02-25,Madhya Pradesh,Bhopal,Tomato,1216,1405,1302,Rs./quintal
2026-02-28,Madhya Pradesh,Bhopal,Tomato,1169,1361,1262,Rs./quintal
2026-03-03,Madhya Pradesh,Bhopal,Tomato,1168,1274,1217,Rs./quintal
2026-03-06,Madhya Pradesh,Bhopal,Tomato,1431,1554,1494,Rs./quintal
2026-03-09,Madhya Pradesh,Bhopal,Tomato,1206,1317,1276,Rs./quintal
2026-03-12,Madhya Pradesh,Bhopal,Tomato,1018,1145,1087,Rs./quintal
2026-03-15,Madhya Pradesh,Bhopal,Tomato,1187,1319,1249,Rs./quintal
2026-03-18,Madhya Pradesh,Bhopal,Tomato,1126,1229,1184,Rs./quintal
2026-03-21,Madhya Pradesh,Bhopal,Tomato,1456,1589,1521,Rs./quintal
2026-03-24,Madhya Pradesh,Bhopal,Tomato,1142,1255,1188,Rs./quintal
2026-03-27,Madhya Pradesh,Bhopal,Tomato,1287,1474,1377,Rs./quintal
2026-03-30,Madhya Pradesh,Bhopal,Tomato,1148,1299,1204,Rs./quintal
2026-04-02,Madhya Pradesh,Bhopal,Tomato,1362,1513,1419,Rs./quintal
2026-04-05,Madhya Pradesh,Bhopal,Tomato,1360,1555,1476,Rs./quintal
2026-04-08,Madhya Pradesh,Bhopal,Tomato,1562,1741,1629,Rs./quintal
2026-04-11,Madhya Pradesh,Bhopal,Tomato,1354,1500,1416,Rs./quintal
2026-04-14,Madhya Pradesh,Bhopal,Tomato,1134,1265,1192,Rs./quintal
2026-04-17,Madhya Pradesh,Bhopal,Tomato,1447,1660,1560,Rs./quintal
2026-04-20,Madhya Pradesh,Bhopal,Tomato,1080,1156,1116,Rs./quintal
2026-04-23,Madhya Pradesh,Bhopal,Tomato,1038,1151,1109,Rs./quintal
2026-04-26,Madhya Pradesh,Bhopal,Tomato,1389,1579,1477,Rs./quintal
2026-04-29,Madhya Pradesh,Bhopal,Tomato,1546,1711,1604,Rs./quintal
2026-05-02,Madhya Pradesh,Bhopal,Tomato,1134,1272,1223,Rs./quintal
2026-05-05,Madhya Pradesh,Bhopal,Tomato,1314,1457,1379,Rs./quintal
2026-05-08,Madhya Pradesh,Bhopal,Tomato,1274,1476,1372,Rs./quintal
2026-05-11,Madhya Pradesh,Bhopal,Tomato,1302,1484,1389,Rs./quintal
2026-05-14,Madhya Pradesh,Bhopal,Tomato,1537,1718,1614,Rs./quintal
2026-05-17,Madhya Pradesh,Bhopal,Tomato,1439,1614,1548,Rs./quintal
2026-05-20,Madhya Pradesh,Bhopal,Tomato,1413,1636,1517,Rs./quintal
2026-05-23,Madhya Pradesh,Bhopal,Tomato,1274,1418,1363,Rs./quintal
2026-05-26,Madhya Pradesh,Bhopal,Tomato,1501,1680,1604,Rs./quintal
2026-05-29,Madhya Pradesh,Bhopal,Tomato,1670,1816,1740,Rs./quintal
2026-06-01,Madhya Pradesh,Bhopal,Tomato,1296,1426,1359,Rs./quintal
2026-06-04,Madhya Pradesh,Bhopal,Tomato,1834,2057,1909,Rs./quintal
2026-06-07,Madhya Pradesh,Bhopal,Tomato,1678,1876,1796,Rs./quintal
2026-06-10,Madhya Pradesh,Bhopal,Tomato,1629,1829,1738,Rs./quintal
2026-06-13,Madhya Pradesh,Bhopal,Tomato,1364,1503,1445,Rs./quintal
2026-06-16,Madhya Pradesh,Bhopal,Tomato,1572,1731,1626,Rs./quintal
2026-06-19,Madhya Pradesh,Bhopal,Tomato,1302,1450,1369,Rs./quintal
2026-06-22,Madhya Pradesh,Bhopal,Tomato,1369,1517,1436,Rs./quintal
2026-06-25,Madhya Pradesh,Bhopal,Tomato,1559,1776,1690,Rs./quintal
2026-06-28,Madhya Pradesh,Bhopal,Tomato,1610,1860,1741,Rs./quintal
2026-07-01,Madhya Pradesh,Bhopal,Tomato,1314,1493,1387,Rs./quintal
2026-07-04,Madhya Pradesh,Bhopal,Tomato,1610,1788,1665,Rs./quintal
2026-07-07,Madhya Pradesh,Bhopal,Tomato,1594,1848,1714,Rs./quintal
2026-07-10,Madhya Pradesh,Bhopal,Tomato,1529,1727,1606,Rs./quintal
2026-07-13,Madhya Pradesh,Bhopal,Tomato,1371,1527,1445,Rs./quintal
2026-07-16,Madhya Pradesh,Bhopal,Tomato,1822,2027,1884,Rs./quintal
2026-07-19,Madhya Pradesh,Bhopal,Tomato,1451,1563,1505,Rs./quintal
2026-07-22,Madhya Pradesh,Bhopal,Tomato,1959,2121,2020,Rs./quintal
2026-07-25,Madhya Pradesh,Bhopal,Tomato,1669,1861,1726,Rs./quintal
2026-07-28,Madhya Pradesh,Bhopal,Tomato,1951,2086,2024,Rs./quintal
2026-07-31,Madhya Pradesh,Bhopal,Tomato,1643,1917,1776,Rs./quintal
2026-02-01,Madhya Pradesh,Ujjain,Wheat,2051,2283,2165,Rs./quintal
2026-02-04,Madhya Pradesh,Ujjain,Wheat,2078,2274,2159,Rs./quintal
2026-02-07,Madhya Pradesh,Ujjain,Wheat,1911,2144,2065,Rs./quintal
2026-02-10,Madhya Pradesh,Ujjain,Wheat,1957,2180,2098,Rs./quintal
2026-02-13,Madhya Pradesh,Ujjain,Wheat,2048,2259,2134,Rs./quintal
2026-02-16,Madhya Pradesh,Ujjain,Wheat,1984,2292,2136,Rs./quintal
2026-02-19,Madhya Pradesh,Ujjain,Wheat,2071,2274,2154,Rs./quintal
2026-02-22,Madhya Pradesh,Ujjain,Wheat,1957,2133,2052,Rs./quintal
2026-02-25,Madhya Pradesh,Ujjain,Wheat,1927,2145,2058,Rs./quintal
2026-02-28,Madhya Pradesh,Ujjain,Wheat,1932,2213,2073,Rs./quintal
2026-03-03,Madhya Pradesh,Ujjain,Wheat,2051,2338,2193,Rs./quintal
2026-03-06,Madhya Pradesh,Ujjain,Wheat,1975,2207,2073,Rs./quintal
2026-03-09,Madhya Pradesh,Ujjain,Wheat,1925,2173,2079,Rs./quintal
2026-03-12,Madhya Pradesh,Ujjain,Wheat,2007,2282,2123,Rs./quintal
2026-03-15,Madhya Pradesh,Ujjain,Wheat,2022,2239,2161,Rs./quintal
2026-03-18,Madhya Pradesh,Ujjain,Wheat,2046,2322,2189,Rs./quintal
2026-03-21,Madhya Pradesh,Ujjain,Wheat,1945,2178,2099,Rs./quintal
2026-03-24,Madhya Pradesh,Ujjain,Wheat,2059,2277,2167,Rs./quintal
2026-03-27,Madhya Pradesh,Ujjain,Wheat,2021,2264,2142,Rs./quintal
2026-03-30,Madhya Pradesh,Ujjain,Wheat,2007,2247,2156,Rs./quintal
2026-04-02,Madhya Pradesh,Ujjain,Wheat,2120,2275,2200,Rs./quintal
2026-04-05,Madhya Pradesh,Ujjain,Wheat,2063,2233,2160,Rs./quintal
2026-04-08,Madhya Pradesh,Ujjain,Wheat,2009,2301,2176,Rs./quintal
2026-04-11,Madhya Pradesh,Ujjain,Wheat,2057,2249,2168,Rs./quintal
2026-04-14,Madhya Pradesh,Ujjain,Wheat,2029,2222,2145,Rs./quintal
2026-04-17,Madhya Pradesh,Ujjain,Wheat,2021,2203,2129,Rs./quintal
2026-04-20,Madhya Pradesh,Ujjain,Wheat,2083,2283,2169,Rs./quintal
2026-04-23,Madhya Pradesh,Ujjain,Wheat,2045,2240,2169,Rs./quintal
2026-04-26,Madhya Pradesh,Ujjain,Wheat,2076,2305,2162,Rs./quintal
2026-04-29,Madhya Pradesh,Ujjain,Wheat,2070,2299,2154,Rs./quintal
2026-05-02,Madhya Pradesh,Ujjain,Wheat,2038,2314,2210,Rs./quintal
2026-05-05,Madhya Pradesh,Ujjain,Wheat,2077,2306,2142,Rs./quintal
2026-05-08,Madhya Pradesh,Ujjain,Wheat,2072,2211,2143,Rs./quintal
2026-05-11,Madhya Pradesh,Ujjain,Wheat,2097,2337,2188,Rs./quintal
2026-05-14,Madhya Pradesh,Ujjain,Wheat,2155,2378,2263,Rs./quintal
2026-05-17,Madhya Pradesh,Ujjain,Wheat,2127,2431,2265,Rs./quintal
2026-05-20,Madhya Pradesh,Ujjain,Wheat,2115,2397,2253,Rs./quintal
2026-05-23,Madhya Pradesh,Ujjain,Wheat,2103,2360,2221,Rs./quintal
2026-05-26,Madhya Pradesh,Ujjain,Wheat,2025,2304,2180,Rs./quintal
2026-05-29,Madhya Pradesh,Ujjain,Wheat,2108,2295,2204,Rs./quintal
2026-06-01,Madhya Pradesh,Ujjain,Wheat,1995,2263,2166,Rs./quintal
2026-06-04,Madhya Pradesh,Ujjain,Wheat,2137,2384,2256,Rs./quintal
2026-06-07,Madhya Pradesh,Ujjain,Wheat,2122,2384,2276,Rs./quintal
2026-06-10,Madhya Pradesh,Ujjain,Wheat,2130,2349,2203,Rs./quintal
2026-06-13,Madhya Pradesh,Ujjain,Wheat,2095,2292,2181,Rs./quintal
2026-06-16,Madhya Pradesh,Ujjain,Wheat,2187,2338,2268,Rs./quintal
2026-06-19,Madhya Pradesh,Ujjain,Wheat,2029,2262,2193,Rs./quintal
2026-06-22,Madhya Pradesh,Ujjain,Wheat,2145,2319,2246,Rs./quintal
2026-06-25,Madhya Pradesh,Ujjain,Wheat,2129,2359,2265,Rs./quintal
2026-06-28,Madhya Pradesh,Ujjain,Wheat,2114,2267,2195,Rs./quintal
2026-07-01,Madhya Pradesh,Ujjain,Wheat,2118,2427,2267,Rs./quintal
2026-07-04,Madhya Pradesh,Ujjain,Wheat,2151,2436,2298,Rs./quintal
2026-07-07,Madhya Pradesh,Ujjain,Wheat,2144,2393,2290,Rs./quintal
2026-07-10,Madhya Pradesh,Ujjain,Wheat,2114,2309,2218,Rs./quintal
2026-07-13,Madhya Pradesh,Ujjain,Wheat,2067,2412,2239,Rs./quintal
2026-07-16,Madhya Pradesh,Ujjain,Wheat,2238,2460,2318,Rs./quintal
2026-07-19,Madhya Pradesh,Ujjain,Wheat,2131,2433,2256,Rs./quintal
2026-07-22,Madhya Pradesh,Ujjain,Wheat,2218,2487,2326,Rs./quintal
2026-07-25,Madhya Pradesh,Ujjain,Wheat,2109,2326,2242,Rs./quintal
2026-07-28,Madhya Pradesh,Ujjain,Wheat,2154,2370,2249,Rs./quintal
2026-07-31,Madhya Pradesh,Ujjain,Wheat,2164,2465,2314,Rs./quintal
2026-02-01,Madhya Pradesh,Ujjain,Rice,2443,2779,2577,Rs./quintal
2026-02-04,Madhya Pradesh,Ujjain,Rice,2346,2639,2532,Rs./quintal
2026-02-07,Madhya Pradesh,Ujjain,Rice,2368,2676,2487,Rs./quintal
2026-02-10,Madhya Pradesh,Ujjain,Rice,2375,2739,2569,Rs./quintal
2026-02-13,Madhya Pradesh,Ujjain,Rice,2320,2644,2486,Rs./quintal
2026-02-16,Madhya Pradesh,Ujjain,Rice,2446,2638,2538,Rs./quintal
2026-02-19,Madhya Pradesh,Ujjain,Rice,2446,2706,2558,Rs./quintal
2026-02-22,Madhya Pradesh,Ujjain,Rice,2430,2640,2522,Rs./quintal
2026-02-25,Madhya Pradesh,Ujjain,Rice,2378,2782,2583,Rs./quintal
2026-02-28,Madhya Pradesh,Ujjain,Rice,2392,2790,2583,Rs./quintal
2026-03-03,Madhya Pradesh,Ujjain,Rice,2374,2700,2547,Rs./quintal
2026-03-06,Madhya Pradesh,Ujjain,Rice,2426,2657,2512,Rs./quintal
2026-03-09,Madhya Pradesh,Ujjain,Rice,2427,2732,2585,Rs./quintal
2026-03-12,Madhya Pradesh,Ujjain,Rice,2363,2673,2532,Rs./quintal
2026-03-15,Madhya Pradesh,Ujjain,Rice,2359,2752,2550,Rs./quintal
2026-03-18,Madhya Pradesh,Ujjain,Rice,2449,2739,2546,Rs./quintal
2026-03-21,Madhya Pradesh,Ujjain,Rice,2384,2681,2534,Rs./quintal
2026-03-24,Madhya Pradesh,Ujjain,Rice,2332,2623,2515,Rs./quintal
2026-03-27,Madhya Pradesh,Ujjain,Rice,2473,2739,2606,Rs./quintal
2026-03-30,Madhya Pradesh,Ujjain,Rice,2347,2629,2506,Rs./quintal
2026-04-02,Madhya Pradesh,Ujjain,Rice,2475,2783,2619,Rs./quintal
2026-04-05,Madhya Pradesh,Ujjain,Rice,2425,2784,2599,Rs./quintal
2026-04-08,Madhya Pradesh,Ujjain,Rice,2510,2780,2636,Rs./quintal
2026-04-11,Madhya Pradesh,Ujjain,Rice,2431,2630,2533,Rs./quintal
2026-04-14,Madhya Pradesh,Ujjain,Rice,2459,2802,2604,Rs./quintal
2026-04-17,Madhya Pradesh,Ujjain,Rice,2457,2666,2581,Rs./quintal
2026-04-20,Madhya Pradesh,Ujjain,Rice,2421,2710,2516,Rs./quintal
2026-04-23,Madhya Pradesh,Ujjain,Rice,2488,2728,2597,Rs./quintal
2026-04-26,Madhya Pradesh,Ujjain,Rice,2441,2791,2620,Rs./quintal
2026-04-29,Madhya Pradesh,Ujjain,Rice,2375,2634,2512,Rs./quintal
2026-05-02,Madhya Pradesh,Ujjain,Rice,2495,2776,2617,Rs./quintal
2026-05-05,Madhya Pradesh,Ujjain,Rice,2454,2678,2599,Rs./quintal
2026-05-08,Madhya Pradesh,Ujjain,Rice,2401,2755,2608,Rs./quintal
2026-05-11,Madhya Pradesh,Ujjain,Rice,2492,2651,2572,Rs./quintal
2026-05-14,Madhya Pradesh,Ujjain,Rice,2520,2828,2642,Rs./quintal
2026-05-17,Madhya Pradesh,Ujjain,Rice,2457,2747,2655,Rs./quintal
2026-05-20,Madhya Pradesh,Ujjain,Rice,2376,2700,2556,Rs./quintal
2026-05-23,Madhya Pradesh,Ujjain,Rice,2466,2774,2642,Rs./quintal
2026-05-26,Madhya Pradesh,Ujjain,Rice,2431,2736,2585,Rs./quintal
2026-05-29,Madhya Pradesh,Ujjain,Rice,2482,2836,2665,Rs./quintal
2026-06-01,Madhya Pradesh,Ujjain,Rice,2547,2868,2673,Rs./quintal
2026-06-04,Madhya Pradesh,Ujjain,Rice,2461,2792,2662,Rs./quintal
2026-06-07,Madhya Pradesh,Ujjain,Rice,2431,2714,2634,Rs./quintal
2026-06-10,Madhya Pradesh,Ujjain,Rice,2442,2718,2584,Rs./quintal
2026-06-13,Madhya Pradesh,Ujjain,Rice,2527,2859,2665,Rs./quintal
2026-06-16,Madhya Pradesh,Ujjain,Rice,2436,2657,2574,Rs./quintal
2026-06-19,Madhya Pradesh,Ujjain,Rice,2495,2783,2590,Rs./quintal
2026-06-22,Madhya Pradesh,Ujjain,Rice,2420,2712,2624,Rs./quintal
2026-06-25,Madhya Pradesh,Ujjain,Rice,2589,2839,2683,Rs./quintal
2026-06-28,Madhya Pradesh,Ujjain,Rice,2480,2683,2566,Rs./quintal
2026-07-01,Madhya Pradesh,Ujjain,Rice,2577,2899,2715,Rs./quintal
2026-07-04,Madhya Pradesh,Ujjain,Rice,2521,2773,2682,Rs./quintal
2026-07-07,Madhya Pradesh,Ujjain,Rice,2432,2796,2609,Rs./quintal
2026-07-10,Madhya Pradesh,Ujjain,Rice,2546,2762,2639,Rs./quintal
2026-07-13,Madhya Pradesh,Ujjain,Rice,2492,2901,2688,Rs./quintal
2026-07-16,Madhya Pradesh,Ujjain,Rice,2536,2894,2683,Rs./quintal
2026-07-19,Madhya Pradesh,Ujjain,Rice,2443,2781,2594,Rs./quintal
2026-07-22,Madhya Pradesh,Ujjain,Rice,2524,2838,2633,Rs./quintal
2026-07-25,Madhya Pradesh,Ujjain,Rice,2531,2723,2640,Rs./quintal
2026-07-28,Madhya Pradesh,Ujjain,Rice,2544,2767,2624,Rs./quintal
2026-07-31,Madhya Pradesh,Ujjain,Rice,2548,2771,2635,Rs./quintal
2026-02-01,Madhya Pradesh,Ujjain,Soybean,4111,4719,4448,Rs./quintal
2026-02-04,Madhya Pradesh,Ujjain,Soybean,4308,4662,4508,Rs./quintal
2026-02-07,Madhya Pradesh,Ujjain,Soybean,4038,4487,4226,Rs./quintal
2026-02-10,Madhya Pradesh,Ujjain,Soybean,4194,4640,4482,Rs./quintal
2026-02-13,Madhya Pradesh,Ujjain,Soybean,3892,4361,4161,Rs./quintal
2026-02-16,Madhya Pradesh,Ujjain,Soybean,3962,4444,4276,Rs./quintal
2026-02-19,Madhya Pradesh,Ujjain,Soybean,4127,4575,4355,Rs./quintal
2026-02-22,Madhya Pradesh,Ujjain,Soybean,3910,4315,4170,Rs./quintal
2026-02-25,Madhya Pradesh,Ujjain,Soybean,4138,4638,4420,Rs./quintal
2026-02-28,Madhya Pradesh,Ujjain,Soybean,4026,4433,4286,Rs./quintal
2026-03-03,Madhya Pradesh,Ujjain,Soybean,4307,4814,4462,Rs./quintal
2026-03-06,Madhya Pradesh,Ujjain,Soybean,4012,4533,4321,Rs./quintal
2026-03-09,Madhya Pradesh,Ujjain,Soybean,3866,4361,4135,Rs./quintal
2026-03-12,Madhya Pradesh,Ujjain,Soybean,3863,4311,4102,Rs./quintal
2026-03-15,Madhya Pradesh,Ujjain,Soybean,3957,4465,4283,Rs./quintal
2026-03-18,Madhya Pradesh,Ujjain,Soybean,3977,4431,4181,Rs./quintal
2026-03-21,Madhya Pradesh,Ujjain,Soybean,3849,4347,4159,Rs./quintal
2026-03-24,Madhya Pradesh,Ujjain,Soybean,4198,4755,4482,Rs./quintal
2026-03-27,Madhya Pradesh,Ujjain,Soybean,4139,4627,4420,Rs./quintal
2026-03-30,Madhya Pradesh,Ujjain,Soybean,4261,4773,4425,Rs./quintal
2026-04-02,Madhya Pradesh,Ujjain,Soybean,3792,4364,4051,Rs./quintal
2026-04-05,Madhya Pradesh,Ujjain,Soybean,3816,4397,4078,Rs./quintal
2026-04-08,Madhya Pradesh,Ujjain,Soybean,4113,4686,4401,Rs./quintal
2026-04-11,Madhya Pradesh,Ujjain,Soybean,3985,4377,4200,Rs./quintal
2026-04-14,Madhya Pradesh,Ujjain,Soybean,3989,4358,4152,Rs./quintal
2026-04-17,Madhya Pradesh,Ujjain,Soybean,3833,4283,4042,Rs./quintal
2026-04-20,Madhya Pradesh,Ujjain,Soybean,4029,4466,4223,Rs./quintal
2026-04-23,Madhya Pradesh,Ujjain,Soybean,4144,4681,4394,Rs./quintal
2026-04-26,Madhya Pradesh,Ujjain,Soybean,3905,4448,4178,Rs./quintal
2026-04-29,Madhya Pradesh,Ujjain,Soybean,4164,4557,4338,Rs./quintal
2026-05-02,Madhya Pradesh,Ujjain,Soybean,3921,4293,4120,Rs./quintal
2026-05-05,Madhya Pradesh,Ujjain,Soybean,4000,4476,4185,Rs./quintal
2026-05-08,Madhya Pradesh,Ujjain,Soybean,3824,4157,3944,Rs./quintal
2026-05-11,Madhya Pradesh,Ujjain,Soybean,3856,4389,4079,Rs./quintal
2026-05-14,Madhya Pradesh,Ujjain,Soybean,3977,4491,4199,Rs./quintal
2026-05-17,Madhya Pradesh,Ujjain,Soybean,3919,4293,4062,Rs./quintal
2026-05-20,Madhya Pradesh,Ujjain,Soybean,3861,4463,4177,Rs./quintal
2026-05-23,Madhya Pradesh,Ujjain,Soybean,3924,4446,4185,Rs./quintal
2026-05-26,Madhya Pradesh,Ujjain,Soybean,3811,4183,3932,Rs./quintal
2026-05-29,Madhya Pradesh,Ujjain,Soybean,3905,4397,4078,Rs./quintal
2026-06-01,Madhya Pradesh,Ujjain,Soybean,3690,4181,4009,Rs./quintal
2026-06-04,Madhya Pradesh,Ujjain,Soybean,3823,4281,4042,Rs./quintal
2026-06-07,Madhya Pradesh,Ujjain,Soybean,3833,4270,4068,Rs./quintal
2026-06-10,Madhya Pradesh,Ujjain,Soybean,3937,4375,4147,Rs./quintal
2026-06-13,Madhya Pradesh,Ujjain,Soybean,3662,4115,3975,Rs./quintal
2026-06-16,Madhya Pradesh,Ujjain,Soybean,3876,4147,4004,Rs./quintal
2026-06-19,Madhya Pradesh,Ujjain,Soybean,3908,4407,4215,Rs./quintal
2026-06-22,Madhya Pradesh,Ujjain,Soybean,3739,4237,4019,Rs./quintal
2026-06-25,Madhya Pradesh,Ujjain,Soybean,3794,4289,4028,Rs./quintal
2026-06-28,Madhya Pradesh,Ujjain,Soybean,3706,4243,3964,Rs./quintal
2026-07-01,Madhya Pradesh,Ujjain,Soybean,3661,4041,3804,Rs./quintal
2026-07-04,Madhya Pradesh,Ujjain,Soybean,3738,4346,4027,Rs./quintal
2026-07-07,Madhya Pradesh,Ujjain,Soybean,3580,4002,3855,Rs./quintal
2026-07-10,Madhya Pradesh,Ujjain,Soybean,3852,4146,3980,Rs./quintal
2026-07-13,Madhya Pradesh,Ujjain,Soybean,3642,4162,3919,Rs./quintal
2026-07-16,Madhya Pradesh,Ujjain,Soybean,3621,4169,3930,Rs./quintal
2026-07-19,Madhya Pradesh,Ujjain,Soybean,3644,4027,3837,Rs./quintal
2026-07-22,Madhya Pradesh,Ujjain,Soybean,3757,4311,4038,Rs./quintal
2026-07-25,Madhya Pradesh,Ujjain,Soybean,3765,4222,4079,Rs./quintal
2026-07-28,Madhya Pradesh,Ujjain,Soybean,3814,4294,4104,Rs./quintal
2026-07-31,Madhya Pradesh,Ujjain,Soybean,3676,4228,3940,Rs./quintal
2026-02-01,Madhya Pradesh,Ujjain,Onion,1389,1551,1462,Rs./quintal
2026-02-04,Madhya Pradesh,Ujjain,Onion,1351,1545,1441,Rs./quintal
2026-02-07,Madhya Pradesh,Ujjain,Onion,1396,1548,1453,Rs./quintal
2026-02-10,Madhya Pradesh,Ujjain,Onion,1254,1364,1319,Rs./quintal
2026-02-13,Madhya Pradesh,Ujjain,Onion,1157,1307,1250,Rs./quintal
2026-02-16,Madhya Pradesh,Ujjain,Onion,1212,1341,1270,Rs./quintal
2026-02-19,Madhya Pradesh,Ujjain,Onion,1269,1436,1369,Rs./quintal
2026-02-22,Madhya Pradesh,Ujjain,Onion,1211,1354,1272,Rs./quintal
2026-02-25,Madhya Pradesh,Ujjain,Onion,1421,1550,1465,Rs./quintal
2026-02-28,Madhya Pradesh,Ujjain,Onion,1298,1464,1400,Rs./quintal
2026-03-03,Madhya Pradesh,Ujjain,Onion,1353,1536,1466,Rs./quintal
2026-03-06,Madhya Pradesh,Ujjain,Onion,1176,1359,1269,Rs./quintal
2026-03-09,Madhya Pradesh,Ujjain,Onion,1602,1788,1695,Rs./quintal
2026-03-12,Madhya Pradesh,Ujjain,Onion,1478,1684,1571,Rs./quintal
2026-03-15,Madhya Pradesh,Ujjain,Onion,1370,1530,1483,Rs./quintal
2026-03-18,Madhya Pradesh,Ujjain,Onion,1500,1675,1605,Rs./quintal
2026-03-21,Madhya Pradesh,Ujjain,Onion,1397,1585,1505,Rs./quintal
2026-03-24,Madhya Pradesh,Ujjain,Onion,1529,1688,1596,Rs./quintal
2026-03-27,Madhya Pradesh,Ujjain,Onion,1217,1405,1315,Rs./quintal
2026-03-30,Madhya Pradesh,Ujjain,Onion,1531,1748,1632,Rs./quintal
2026-04-02,Madhya Pradesh,Ujjain,Onion,1300,1438,1360,Rs./quintal
2026-04-05,Madhya Pradesh,Ujjain,Onion,1674,1938,1809,Rs./quintal
2026-04-08,Madhya Pradesh,Ujjain,Onion,1586,1832,1696,Rs./quintal
2026-04-11,Madhya Pradesh,Ujjain,Onion,1457,1664,1554,Rs./quintal
2026-04-14,Madhya Pradesh,Ujjain,Onion,1502,1656,1549,Rs./quintal
2026-04-17,Madhya Pradesh,Ujjain,Onion,1396,1539,1453,Rs./quintal
2026-04-20,Madhya Pradesh,Ujjain,Onion,1440,1600,1507,Rs./quintal
2026-04-23,Madhya Pradesh,Ujjain,Onion,1315,1476,1419,Rs./quintal
2026-04-26,Madhya Pradesh,Ujjain,Onion,1328,1507,1439,Rs./quintal
2026-04-29,Madhya Pradesh,Ujjain,Onion,1396,1542,1474,Rs./quintal
2026-05-02,Madhya Pradesh,Ujjain,Onion,1658,1851,1774,Rs./quintal
2026-05-05,Madhya Pradesh,Ujjain,Onion,1795,1970,1852,Rs./quintal
2026-05-08,Madhya Pradesh,Ujjain,Onion,1422,1571,1469,Rs./quintal
2026-05-11,Madhya Pradesh,Ujjain,Onion,1825,2020,1882,Rs./quintal
2026-05-14,Madhya Pradesh,Ujjain,Onion,1431,1548,1485,Rs./quintal
2026-05-17,Madhya Pradesh,Ujjain,Onion,1709,1899,1778,Rs./quintal
2026-05-20,Madhya Pradesh,Ujjain,Onion,1662,1864,1760,Rs./quintal
2026-05-23,Madhya Pradesh,Ujjain,Onion,1464,1638,1556,Rs./quintal
2026-05-26,Madhya Pradesh,Ujjain,Onion,1676,1799,1739,Rs./quintal
2026-05-29,Madhya Pradesh,Ujjain,Onion,1569,1809,1680,Rs./quintal
2026-06-01,Madhya Pradesh,Ujjain,Onion,1648,1782,1703,Rs./quintal
2026-06-04,Madhya Pradesh,Ujjain,Onion,1446,1608,1508,Rs./quintal
2026-06-07,Madhya Pradesh,Ujjain,Onion,1787,2015,1895,Rs./quintal
2026-06-10,Madhya Pradesh,Ujjain,Onion,1567,1793,1697,Rs./quintal
2026-06-13,Madhya Pradesh,Ujjain,Onion,1527,1688,1622,Rs./quintal
2026-06-16,Madhya Pradesh,Ujjain,Onion,1585,1726,1649,Rs./quintal
2026-06-19,Madhya Pradesh,Ujjain,Onion,1720,1912,1814,Rs./quintal
2026-06-22,Madhya Pradesh,Ujjain,Onion,1612,1744,1689,Rs./quintal
2026-06-25,Madhya Pradesh,Ujjain,Onion,1495,1642,1559,Rs./quintal
2026-06-28,Madhya Pradesh,Ujjain,Onion,1515,1655,1573,Rs./quintal
2026-07-01,Madhya Pradesh,Ujjain,Onion,1546,1661,1597,Rs./quintal
2026-07-04,Madhya Pradesh,Ujjain,Onion,1839,2109,1985,Rs./quintal
2026-07-07,Madhya Pradesh,Ujjain,Onion,1631,1761,1687,Rs./quintal
2026-07-10,Madhya Pradesh,Ujjain,Onion,1833,2062,1966,Rs./quintal
2026-07-13,Madhya Pradesh,Ujjain,Onion,1955,2211,2106,Rs./quintal
2026-07-16,Madhya Pradesh,Ujjain,Onion,1689,1843,1769,Rs./quintal
2026-07-19,Madhya Pradesh,Ujjain,Onion,1878,2025,1966,Rs./quintal
2026-07-22,Madhya Pradesh,Ujjain,Onion,1729,1943,1866,Rs./quintal
2026-07-25,Madhya Pradesh,Ujjain,Onion,1823,2108,1980,Rs./quintal
2026-07-28,Madhya Pradesh,Ujjain,Onion,1994,2162,2057,Rs./quintal
2026-07-31,Madhya Pradesh,Ujjain,Onion,1543,1753,1671,Rs./quintal
2026-02-01,Madhya Pradesh,Ujjain,Tomato,966,1108,1032,Rs./quintal
2026-02-04,Madhya Pradesh,Ujjain,Tomato,1006,1120,1049,Rs./quintal
2026-02-07,Madhya Pradesh,Ujjain,Tomato,1016,1087,1048,Rs./quintal
2026-02-10,Madhya Pradesh,Ujjain,Tomato,1144,1321,1243,Rs./quintal
2026-02-13,Madhya Pradesh,Ujjain,Tomato,1145,1272,1198,Rs./quintal
2026-02-16,Madhya Pradesh,Ujjain,Tomato,993,1124,1056,Rs./quintal
2026-02-19,Madhya Pradesh,Ujjain,Tomato,1298,1453,1404,Rs./quintal
2026-02-22,Madhya Pradesh,Ujjain,Tomato,1284,1419,1352,Rs./quintal
2026-02-25,Madhya Pradesh,Ujjain,Tomato,1361,1509,1455,Rs./quintal
2026-02-28,Madhya Pradesh,Ujjain,Tomato,1033,1182,1118,Rs./quintal
2026-03-03,Madhya Pradesh,Ujjain,Tomato,1311,1474,1379,Rs./quintal
2026-03-06,Madhya Pradesh,Ujjain,Tomato,1373,1517,1427,Rs./quintal
2026-03-09,Madhya Pradesh,Ujjain,Tomato,1155,1289,1221,Rs./quintal
2026-03-12,Madhya Pradesh,Ujjain,Tomato,1362,1505,1457,Rs./quintal
2026-03-15,Madhya Pradesh,Ujjain,Tomato,1487,1621,1537,Rs./quintal
2026-03-18,Madhya Pradesh,Ujjain,Tomato,1059,1188,1121,Rs./quintal
2026-03-21,Madhya Pradesh,Ujjain,Tomato,1299,1447,1341,Rs./quintal
2026-03-24,Madhya Pradesh,Ujjain,Tomato,1442,1670,1556,Rs./quintal
2026-03-27,Madhya Pradesh,Ujjain,Tomato,1278,1449,1362,Rs./quintal
2026-03-30,Madhya Pradesh,Ujjain,Tomato,1418,1565,1465,Rs./quintal
2026-04-02,Madhya Pradesh,Ujjain,Tomato,1067,1205,1155,Rs./quintal
2026-04-05,Madhya Pradesh,Ujjain,Tomato,1078,1249,1168,Rs./quintal
2026-04-08,Madhya Pradesh,Ujjain,Tomato,1366,1515,1436,Rs./quintal
2026-04-11,Madhya Pradesh,Ujjain,Tomato,1322,1431,1384,Rs./quintal
2026-04-14,Madhya Pradesh,Ujjain,Tomato,1382,1517,1453,Rs./quintal
2026-04-17,Madhya Pradesh,Ujjain,Tomato,1251,1376,1323,Rs./quintal
2026-04-20,Madhya Pradesh,Ujjain,Tomato,1522,1688,1608,Rs./quintal
2026-04-23,Madhya Pradesh,Ujjain,Tomato,1451,1606,1509,Rs./quintal
2026-04-26,Madhya Pradesh,Ujjain,Tomato,1130,1262,1183,Rs./quintal
2026-04-29,Madhya Pradesh,Ujjain,Tomato,1504,1686,1630,Rs./quintal
2026-05-02,Madhya Pradesh,Ujjain,Tomato,1420,1597,1506,Rs./quintal
2026-05-05,Madhya Pradesh,Ujjain,Tomato,1368,1525,1429,Rs./quintal
2026-05-08,Madhya Pradesh,Ujjain,Tomato,1253,1396,1311,Rs./quintal
2026-05-11,Madhya Pradesh,Ujjain,Tomato,1296,1414,1339,Rs./quintal
2026-05-14,Madhya Pradesh,Ujjain,Tomato,1646,1788,1722,Rs./quintal
2026-05-17,Madhya Pradesh,Ujjain,Tomato,1262,1373,1316,Rs./quintal
2026-05-20,Madhya Pradesh,Ujjain,Tomato,1712,1842,1786,Rs./quintal
2026-05-23,Madhya Pradesh,Ujjain,Tomato,1622,1795,1737,Rs./quintal
2026-05-26,Madhya Pradesh,Ujjain,Tomato,1592,1735,1678,Rs./quintal
2026-05-29,Madhya Pradesh,Ujjain,Tomato,1425,1603,1519,Rs./quintal
2026-06-01,Madhya Pradesh,Ujjain,Tomato,1609,1788,1715,Rs./quintal
2026-06-04,Madhya Pradesh,Ujjain,Tomato,1333,1498,1405,Rs./quintal
2026-06-07,Madhya Pradesh,Ujjain,Tomato,1408,1537,1489,Rs./quintal
2026-06-10,Madhya Pradesh,Ujjain,Tomato,1783,2016,1913,Rs./quintal
2026-06-13,Madhya Pradesh,Ujjain,Tomato,1477,1714,1592,Rs./quintal
2026-06-16,Madhya Pradesh,Ujjain,Tomato,1809,2054,1909,Rs./quintal
2026-06-19,Madhya Pradesh,Ujjain,Tomato,1723,1915,1831,Rs./quintal
2026-06-22,Madhya Pradesh,Ujjain,Tomato,1543,1684,1614,Rs./quintal
2026-06-25,Madhya Pradesh,Ujjain,Tomato,1303,1464,1388,Rs./quintal
2026-06-28,Madhya Pradesh,Ujjain,Tomato,1801,2075,1939,Rs./quintal
2026-07-01,Madhya Pradesh,Ujjain,Tomato,2082,2223,2151,Rs./quintal
2026-07-04,Madhya Pradesh,Ujjain,Tomato,1662,1908,1779,Rs./quintal
2026-07-07,Madhya Pradesh,Ujjain,Tomato,1591,1730,1679,Rs./quintal
2026-07-10,Madhya Pradesh,Ujjain,Tomato,1506,1660,1588,Rs./quintal
2026-07-13,Madhya Pradesh,Ujjain,Tomato,1785,2005,1892,Rs./quintal
2026-07-16,Madhya Pradesh,Ujjain,Tomato,1725,1871,1799,Rs./quintal
2026-07-19,Madhya Pradesh,Ujjain,Tomato,2005,2181,2093,Rs./quintal
2026-07-22,Madhya Pradesh,Ujjain,Tomato,1362,1508,1448,Rs./quintal
2026-07-25,Madhya Pradesh,Ujjain,Tomato,1629,1818,1693,Rs./quintal
2026-07-28,Madhya Pradesh,Ujjain,Tomato,1959,2263,2129,Rs./quintal
2026-07-31,Madhya Pradesh,Ujjain,Tomato,1966,2128,2056,Rs./quintal
2026-02-01,Punjab,Ludhiana,Wheat,2005,2193,2123,Rs./quintal
2026-02-04,Punjab,Ludhiana,Wheat,2122,2298,2221,Rs./quintal
2026-02-07,Punjab,Ludhiana,Wheat,2133,2335,2211,Rs./quintal
2026-02-10,Punjab,Ludhiana,Wheat,2048,2354,2182,Rs./quintal
2026-02-13,Punjab,Ludhiana,Wheat,1945,2180,2103,Rs./quintal
2026-02-16,Punjab,Ludhiana,Wheat,2030,2326,2198,Rs./quintal
2026-02-19,Punjab,Ludhiana,Wheat,2080,2238,2148,Rs./quintal
2026-02-22,Punjab,Ludhiana,Wheat,1988,2274,2125,Rs./quintal
2026-02-25,Punjab,Ludhiana,Wheat,2088,2282,2182,Rs./quintal
2026-02-28,Punjab,Ludhiana,Wheat,1965,2212,2127,Rs./quintal
2026-03-03,Punjab,Ludhiana,Wheat,2113,2310,2226,Rs./quintal
2026-03-06,Punjab,Ludhiana,Wheat,2023,2253,2145,Rs./quintal
2026-03-09,Punjab,Ludhiana,Wheat,2123,2282,2193,Rs./quintal
2026-03-12,Punjab,Ludhiana,Wheat,2020,2242,2164,Rs./quintal
2026-03-15,Punjab,Ludhiana,Wheat,2046,2297,2144,Rs./quintal
2026-03-18,Punjab,Ludhiana,Wheat,2042,2374,2215,Rs./quintal
2026-03-21,Punjab,Ludhiana,Wheat,2003,2258,2166,Rs./quintal
2026-03-24,Punjab,Ludhiana,Wheat,2052,2309,2170,Rs./quintal
2026-03-27,Punjab,Ludhiana,Wheat,2091,2225,2157,Rs./quintal
2026-03-30,Punjab,Ludhiana,Wheat,2051,2323,2176,Rs./quintal
2026-04-02,Punjab,Ludhiana,Wheat,2064,2342,2188,Rs./quintal
2026-04-05,Punjab,Ludhiana,Wheat,2001,2329,2174,Rs./quintal
2026-04-08,Punjab,Ludhiana,Wheat,2118,2449,2286,Rs./quintal
2026-04-11,Punjab,Ludhiana,Wheat,2098,2342,2205,Rs./quintal
2026-04-14,Punjab,Ludhiana,Wheat,2083,2391,2233,Rs./quintal
2026-04-17,Punjab,Ludhiana,Wheat,1992,2320,2158,Rs./quintal
2026-04-20,Punjab,Ludhiana,Wheat,2051,2381,2214,Rs./quintal
2026-04-23,Punjab,Ludhiana,Wheat,2121,2338,2265,Rs./quintal
2026-04-26,Punjab,Ludhiana,Wheat,2057,2346,2216,Rs./quintal
2026-04-29,Punjab,Ludhiana,Wheat,2128,2335,2264,Rs./quintal
2026-05-02,Punjab,Ludhiana,Wheat,2117,2373,2280,Rs./quintal
2026-05-05,Punjab,Ludhiana,Wheat,2067,2377,2213,Rs./quintal
2026-05-08,Punjab,Ludhiana,Wheat,2085,2285,2192,Rs./quintal
2026-05-11,Punjab,Ludhiana,Wheat,2095,2355,2227,Rs./quintal
2026-05-14,Punjab,Ludhiana,Wheat,2051,2277,2196,Rs./quintal
2026-05-17,Punjab,Ludhiana,Wheat,2135,2339,2214,Rs./quintal
2026-05-20,Punjab,Ludhiana,Wheat,2182,2432,2273,Rs./quintal
2026-05-23,Punjab,Ludhiana,Wheat,2226,2432,2321,Rs./quintal
2026-05-26,Punjab,Ludhiana,Wheat,2135,2432,2261,Rs./quintal
2026-05-29,Punjab,Ludhiana,Wheat,2118,2343,2255,Rs./quintal
2026-06-01,Punjab,Ludhiana,Wheat,2108,2433,2264,Rs./quintal
2026-06-04,Punjab,Ludhiana,Wheat,2148,2512,2327,Rs./quintal
2026-06-07,Punjab,Ludhiana,Wheat,2197,2476,2293,Rs./quintal
2026-06-10,Punjab,Ludhiana,Wheat,2177,2502,2354,Rs./quintal
2026-06-13,Punjab,Ludhiana,Wheat,2169,2428,2257,Rs./quintal
2026-06-16,Punjab,Ludhiana,Wheat,2161,2319,2228,Rs./quintal
2026-06-19,Punjab,Ludhiana,Wheat,2242,2448,2336,Rs./quintal
2026-06-22,Punjab,Ludhiana,Wheat,2247,2426,2335,Rs./quintal
2026-06-25,Punjab,Ludhiana,Wheat,2210,2450,2301,Rs./quintal
2026-06-28,Punjab,Ludhiana,Wheat,2162,2499,2346,Rs./quintal
2026-07-01,Punjab,Ludhiana,Wheat,2261,2524,2385,Rs./quintal
2026-07-04,Punjab,Ludhiana,Wheat,2210,2449,2280,Rs./quintal
2026-07-07,Punjab,Ludhiana,Wheat,2172,2449,2322,Rs./quintal
2026-07-10,Punjab,Ludhiana,Wheat,2111,2359,2266,Rs./quintal
2026-07-13,Punjab,Ludhiana,Wheat,2141,2504,2327,Rs./quintal
2026-07-16,Punjab,Ludhiana,Wheat,2113,2431,2281,Rs./quintal
2026-07-19,Punjab,Ludhiana,Wheat,2291,2491,2381,Rs./quintal
2026-07-22,Punjab,Ludhiana,Wheat,2142,2427,2256,Rs./quintal
2026-07-25,Punjab,Ludhiana,Wheat,2272,2533,2361,Rs./quintal
2026-07-28,Punjab,Ludhiana,Wheat,2241,2571,2387,Rs./quintal
2026-07-31,Punjab,Ludhiana,Wheat,2136,2413,2309,Rs./quintal
2026-02-01,Punjab,Ludhiana,Rice,2245,2483,2321,Rs./quintal
2026-02-04,Punjab,Ludhiana,Rice,2300,2508,2415,Rs./quintal
2026-02-07,Punjab,Ludhiana,Rice,2307,2601,2416,Rs./quintal
2026-02-10,Punjab,Ludhiana,Rice,2230,2537,2395,Rs./quintal
2026-02-13,Punjab,Ludhiana,Rice,2173,2473,2323,Rs./quintal
2026-02-16,Punjab,Ludhiana,Rice,2216,2496,2317,Rs./quintal
2026-02-19,Punjab,Ludhiana,Rice,2268,2606,2414,Rs./quintal
2026-02-22,Punjab,Ludhiana,Rice,2227,2561,2416,Rs./quintal
2026-02-25,Punjab,Ludhiana,Rice,2335,2510,2411,Rs./quintal
2026-02-28,Punjab,Ludhiana,Rice,2290,2457,2369,Rs./quintal
2026-03-03,Punjab,Ludhiana,Rice,2250,2605,2414,Rs./quintal
2026-03-06,Punjab,Ludhiana,Rice,2261,2426,2345,Rs./quintal
2026-03-09,Punjab,Ludhiana,Rice,2293,2588,2409,Rs./quintal
2026-03-12,Punjab,Ludhiana,Rice,2219,2479,2378,Rs./quintal
2026-03-15,Punjab,Ludhiana,Rice,2176,2416,2333,Rs./quintal
2026-03-18,Punjab,Ludhiana,Rice,2184,2480,2325,Rs./quintal
2026-03-21,Punjab,Ludhiana,Rice,2353,2573,2440,Rs./quintal
2026-03-24,Punjab,Ludhiana,Rice,2245,2453,2370,Rs./quintal
2026-03-27,Punjab,Ludhiana,Rice,2294,2531,2382,Rs./quintal
2026-03-30,Punjab,Ludhiana,Rice,2234,2488,2407,Rs./quintal
2026-04-02,Punjab,Ludhiana,Rice,2290,2563,2450,Rs./quintal
2026-04-05,Punjab,Ludhiana,Rice,2275,2558,2463,Rs./quintal
2026-04-08,Punjab,Ludhiana,Rice,2289,2530,2393,Rs./quintal
2026-04-11,Punjab,Ludhiana,Rice,2271,2603,2456,Rs./quintal
2026-04-14,Punjab,Ludhiana,Rice,2287,2498,2422,Rs./quintal
2026-04-17,Punjab,Ludhiana,Rice,2285,2645,2462,Rs./quintal
2026-04-20,Punjab,Ludhiana,Rice,2190,2462,2367,Rs./quintal
2026-04-23,Punjab,Ludhiana,Rice,2264,2528,2371,Rs./quintal
2026-04-26,Punjab,Ludhiana,Rice,2273,2543,2436,Rs./quintal
2026-04-29,Punjab,Ludhiana,Rice,2193,2516,2377,Rs./quintal
2026-05-02,Punjab,Ludhiana,Rice,2295,2593,2474,Rs./quintal
2026-05-05,Punjab,Ludhiana,Rice,2266,2577,2424,Rs./quintal
2026-05-08,Punjab,Ludhiana,Rice,2274,2521,2445,Rs./quintal
2026-05-11,Punjab,Ludhiana,Rice,2236,2474,2392,Rs./quintal
2026-05-14,Punjab,Ludhiana,Rice,2314,2597,2474,Rs./quintal
2026-05-17,Punjab,Ludhiana,Rice,2317,2515,2431,Rs./quintal
2026-05-20,Punjab,Ludhiana,Rice,2265,2619,2438,Rs./quintal
2026-05-23,Punjab,Ludhiana,Rice,2278,2521,2417,Rs./quintal
2026-05-26,Punjab,Ludhiana,Rice,2261,2533,2428,Rs./quintal
2026-05-29,Punjab,Ludhiana,Rice,2278,2530,2379,Rs./quintal
2026-06-01,Punjab,Ludhiana,Rice,2255,2543,2406,Rs./quintal
2026-06-04,Punjab,Ludhiana,Rice,2388,2660,2515,Rs./quintal
2026-06-07,Punjab,Ludhiana,Rice,2401,2626,2499,Rs./quintal
2026-06-10,Punjab,Ludhiana,Rice,2371,2593,2461,Rs./quintal
2026-06-13,Punjab,Ludhiana,Rice,2363,2589,2504,Rs./quintal
2026-06-16,Punjab,Ludhiana,Rice,2395,2644,2506,Rs./quintal
2026-06-19,Punjab,Ludhiana,Rice,2406,2666,2506,Rs./quintal
2026-06-22,Punjab,Ludhiana,Rice,2289,2640,2472,Rs./quintal
2026-06-25,Punjab,Ludhiana,Rice,2343,2607,2417,Rs./quintal
2026-06-28,Punjab,Ludhiana,Rice,2311,2623,2495,Rs./quintal
2026-07-01,Punjab,Ludhiana,Rice,2394,2745,2542,Rs./quintal
2026-07-04,Punjab,Ludhiana,Rice,2401,2604,2497,Rs./quintal
2026-07-07,Punjab,Ludhiana,Rice,2445,2616,2532,Rs./quintal
2026-07-10,Punjab,Ludhiana,Rice,2319,2581,2467,Rs./quintal
2026-07-13,Punjab,Ludhiana,Rice,2314,2635,2454,Rs./quintal
2026-07-16,Punjab,Ludhiana,Rice,2394,2658,2517,Rs./quintal
2026-07-19,Punjab,Ludhiana,Rice,2325,2563,2471,Rs./quintal
2026-07-22,Punjab,Ludhiana,Rice,2387,2684,2492,Rs./quintal
2026-07-25,Punjab,Ludhiana,Rice,2403,2623,2534,Rs./quintal
2026-07-28,Punjab,Ludhiana,Rice,2324,2571,2455,Rs./quintal
2026-07-31,Punjab,Ludhiana,Rice,2320,2604,2470,Rs./quintal
2026-02-01,Punjab,Ludhiana,Soybean,3871,4300,4146,Rs./quintal
2026-02-04,Punjab,Ludhiana,Soybean,4195,4534,4394,Rs./quintal
2026-02-07,Punjab,Ludhiana,Soybean,4230,4705,4516,Rs./quintal
2026-02-10,Punjab,Ludhiana,Soybean,4303,4787,4454,Rs./quintal
2026-02-13,Punjab,Ludhiana,Soybean,3976,4325,4138,Rs./quintal
2026-02-16,Punjab,Ludhiana,Soybean,4015,4527,4251,Rs./quintal
2026-02-19,Punjab,Ludhiana,Soybean,4019,4325,4172,Rs./quintal
2026-02-22,Punjab,Ludhiana,Soybean,4290,4878,4553,Rs./quintal
2026-02-25,Punjab,Ludhiana,Soybean,3996,4511,4247,Rs./quintal
2026-02-28,Punjab,Ludhiana,Soybean,3919,4511,4211,Rs./quintal
2026-03-03,Punjab,Ludhiana,Soybean,4180,4683,4363,Rs./quintal
2026-03-06,Punjab,Ludhiana,Soybean,4159,4564,4397,Rs./quintal
2026-03-09,Punjab,Ludhiana,Soybean,3951,4333,4179,Rs./quintal
2026-03-12,Punjab,Ludhiana,Soybean,4251,4549,4410,Rs./quintal
2026-03-15,Punjab,Ludhiana,Soybean,3971,4426,4129,Rs./quintal
2026-03-18,Punjab,Ludhiana,Soybean,3916,4468,4153,Rs./quintal
2026-03-21,Punjab,Ludhiana,Soybean,4059,4656,4347,Rs./quintal
2026-03-24,Punjab,Ludhiana,Soybean,4056,4416,4262,Rs./quintal
2026-03-27,Punjab,Ludhiana,Soybean,3811,4302,4060,Rs./quintal
2026-03-30,Punjab,Ludhiana,Soybean,3973,4368,4123,Rs./quintal
2026-04-02,Punjab,Ludhiana,Soybean,3817,4419,4112,Rs./quintal
2026-04-05,Punjab,Ludhiana,Soybean,4084,4468,4279,Rs./quintal
2026-04-08,Punjab,Ludhiana,Soybean,3830,4369,4127,Rs./quintal
2026-04-11,Punjab,Ludhiana,Soybean,4207,4641,4369,Rs./quintal
2026-04-14,Punjab,Ludhiana,Soybean,3966,4463,4249,Rs./quintal
2026-04-17,Punjab,Ludhiana,Soybean,3811,4246,3974,Rs./quintal
2026-04-20,Punjab,Ludhiana,Soybean,3833,4218,3970,Rs./quintal
2026-04-23,Punjab,Ludhiana,Soybean,3881,4397,4217,Rs./quintal
2026-04-26,Punjab,Ludhiana,Soybean,4024,4639,4302,Rs./quintal
2026-04-29,Punjab,Ludhiana,Soybean,3985,4441,4234,Rs./quintal
2026-05-02,Punjab,Ludhiana,Soybean,3757,4244,4029,Rs./quintal
2026-05-05,Punjab,Ludhiana,Soybean,4003,4372,4164,Rs./quintal
2026-05-08,Punjab,Ludhiana,Soybean,3715,4177,3929,Rs./quintal
2026-05-11,Punjab,Ludhiana,Soybean,3973,4496,4232,Rs./quintal
2026-05-14,Punjab,Ludhiana,Soybean,3867,4282,4136,Rs./quintal
2026-05-17,Punjab,Ludhiana,Soybean,3793,4156,3913,Rs./quintal
2026-05-20,Punjab,Ludhiana,Soybean,3955,4517,4239,Rs./quintal
2026-05-23,Punjab,Ludhiana,Soybean,3975,4411,4252,Rs./quintal
2026-05-26,Punjab,Ludhiana,Soybean,4053,4495,4200,Rs./quintal
2026-05-29,Punjab,Ludhiana,Soybean,4004,4481,4215,Rs./quintal
2026-06-01,Punjab,Ludhiana,Soybean,3903,4338,4082,Rs./quintal
2026-06-04,Punjab,Ludhiana,Soybean,3927,4423,4209,Rs./quintal
2026-06-07,Punjab,Ludhiana,Soybean,3655,4224,3965,Rs./quintal
2026-06-10,Punjab,Ludhiana,Soybean,3753,4306,4038,Rs./quintal
2026-06-13,Punjab,Ludhiana,Soybean,3690,4168,3898,Rs./quintal
2026-06-16,Punjab,Ludhiana,Soybean,3978,4403,4172,Rs./quintal
2026-06-19,Punjab,Ludhiana,Soybean,3991,4454,4148,Rs./quintal
2026-06-22,Punjab,Ludhiana,Soybean,3590,4023,3882,Rs./quintal
2026-06-25,Punjab,Ludhiana,Soybean,3758,4180,3913,Rs./quintal
2026-06-28,Punjab,Ludhiana,Soybean,3703,4064,3882,Rs./quintal
2026-07-01,Punjab,Ludhiana,Soybean,3533,4021,3768,Rs./quintal
2026-07-04,Punjab,Ludhiana,Soybean,3697,4032,3853,Rs./quintal
2026-07-07,Punjab,Ludhiana,Soybean,3585,4113,3835,Rs./quintal
2026-07-10,Punjab,Ludhiana,Soybean,3774,4150,3918,Rs./quintal
2026-07-13,Punjab,Ludhiana,Soybean,3790,4410,4104,Rs./quintal
2026-07-16,Punjab,Ludhiana,Soybean,3785,4122,3929,Rs./quintal
2026-07-19,Punjab,Ludhiana,Soybean,3552,4130,3850,Rs./quintal
2026-07-22,Punjab,Ludhiana,Soybean,3522,3978,3787,Rs./quintal
2026-07-25,Punjab,Ludhiana,Soybean,3819,4165,3956,Rs./quintal
2026-07-28,Punjab,Ludhiana,Soybean,3686,4123,3857,Rs./quintal
2026-07-31,Punjab,Ludhiana,Soybean,3734,4076,3924,Rs./quintal
2026-02-01,Punjab,Ludhiana,Onion,1128,1290,1208,Rs./quintal
2026-02-04,Punjab,Ludhiana,Onion,1225,1348,1278,Rs./quintal
2026-02-07,Punjab,Ludhiana,Onion,1415,1624,1531,Rs./quintal
2026-02-10,Punjab,Ludhiana,Onion,1388,1592,1476,Rs./quintal
2026-02-13,Punjab,Ludhiana,Onion,1262,1424,1369,Rs./quintal
2026-02-16,Punjab,Ludhiana,Onion,1257,1428,1365,Rs./quintal
2026-02-19,Punjab,Ludhiana,Onion,1451,1661,1561,Rs./quintal
2026-02-22,Punjab,Ludhiana,Onion,1373,1568,1473,Rs./quintal
2026-02-25,Punjab,Ludhiana,Onion,1253,1420,1353,Rs./quintal
2026-02-28,Punjab,Ludhiana,Onion,1353,1561,1457,Rs./quintal
2026-03-03,Punjab,Ludhiana,Onion,1321,1507,1413,Rs./quintal
2026-03-06,Punjab,Ludhiana,Onion,1449,1662,1547,Rs./quintal
2026-03-09,Punjab,Ludhiana,Onion,1619,1858,1728,Rs./quintal
2026-03-12,Punjab,Ludhiana,Onion,1338,1551,1440,Rs./quintal
2026-03-15,Punjab,Ludhiana,Onion,1592,1763,1693,Rs./quintal
2026-03-18,Punjab,Ludhiana,Onion,1488,1713,1606,Rs./quintal
2026-03-21,Punjab,Ludhiana,Onion,1434,1619,1544,Rs./quintal
2026-03-24,Punjab,Ludhiana,Onion,1449,1688,1572,Rs./quintal
2026-03-27,Punjab,Ludhiana,Onion,1320,1439,1394,Rs./quintal
2026-03-30,Punjab,Ludhiana,Onion,1646,1835,1727,Rs./quintal
2026-04-02,Punjab,Ludhiana,Onion,1303,1434,1365,Rs./quintal
2026-04-05,Punjab,Ludhiana,Onion,1456,1620,1537,Rs./quintal
2026-04-08,Punjab,Ludhiana,Onion,1363,1516,1428,Rs./quintal
2026-04-11,Punjab,Ludhiana,Onion,1429,1594,1499,Rs./quintal
2026-04-14,Punjab,Ludhiana,Onion,1410,1539,1484,Rs./quintal
2026-04-17,Punjab,Ludhiana,Onion,1621,1868,1752,Rs./quintal
2026-04-20,Punjab,Ludhiana,Onion,1306,1461,1411,Rs./quintal
2026-04-23,Punjab,Ludhiana,Onion,1348,1513,1450,Rs./quintal
2026-04-26,Punjab,Ludhiana,Onion,1493,1710,1605,Rs./quintal
2026-04-29,Punjab,Ludhiana,Onion,1379,1578,1496,Rs./quintal
2026-05-02,Punjab,Ludhiana,Onion,1491,1614,1542,Rs./quintal
2026-05-05,Punjab,Ludhiana,Onion,1371,1546,1438,Rs./quintal
2026-05-08,Punjab,Ludhiana,Onion,1773,1930,1860,Rs./quintal
2026-05-11,Punjab,Ludhiana,Onion,1401,1580,1482,Rs./quintal
2026-05-14,Punjab,Ludhiana,Onion,1388,1550,1488,Rs./quintal
2026-05-17,Punjab,Ludhiana,Onion,1812,2041,1938,Rs./quintal
2026-05-20,Punjab,Ludhiana,Onion,1381,1535,1487,Rs./quintal
2026-05-23,Punjab,Ludhiana,Onion,1521,1656,1584,Rs./quintal
2026-05-26,Punjab,Ludhiana,Onion,1675,1934,1811,Rs./quintal
2026-05-29,Punjab,Ludhiana,Onion,1405,1552,1460,Rs./quintal
2026-06-01,Punjab,Ludhiana,Onion,1514,1698,1614,Rs./quintal
2026-06-04,Punjab,Ludhiana,Onion,1790,1921,1857,Rs./quintal
2026-06-07,Punjab,Ludhiana,Onion,1821,2058,1960,Rs./quintal
2026-06-10,Punjab,Ludhiana,Onion,1905,2141,2040,Rs./quintal
2026-06-13,Punjab,Ludhiana,Onion,1901,2104,1980,Rs./quintal
2026-06-16,Punjab,Ludhiana,Onion,1806,2077,1951,Rs./quintal
2026-06-19,Punjab,Ludhiana,Onion,1503,1613,1554,Rs./quintal
2026-06-22,Punjab,Ludhiana,Onion,1658,1868,1746,Rs./quintal
2026-06-25,Punjab,Ludhiana,Onion,1753,1979,1887,Rs./quintal
2026-06-28,Punjab,Ludhiana,Onion,1580,1825,1715,Rs./quintal
2026-07-01,Punjab,Ludhiana,Onion,2026,2168,2092,Rs./quintal
2026-07-04,Punjab,Ludhiana,Onion,1979,2246,2138,Rs./quintal
2026-07-07,Punjab,Ludhiana,Onion,1530,1715,1640,Rs./quintal
2026-07-10,Punjab,Ludhiana,Onion,1922,2153,2015,Rs./quintal
2026-07-13,Punjab,Ludhiana,Onion,1842,2095,1942,Rs./quintal
2026-07-16,Punjab,Ludhiana,Onion,1869,2107,1995,Rs./quintal
2026-07-19,Punjab,Ludhiana,Onion,1862,2140,2013,Rs./quintal
2026-07-22,Punjab,Ludhiana,Onion,1646,1868,1756,Rs./quintal
2026-07-25,Punjab,Ludhiana,Onion,1763,1939,1833,Rs./quintal
2026-07-28,Punjab,Ludhiana,Onion,2009,2312,2177,Rs./quintal
2026-07-31,Punjab,Ludhiana,Onion,1639,1827,1703,Rs./quintal
2026-02-01,Punjab,Ludhiana,Tomato,976,1076,1033,Rs./quintal
2026-02-04,Punjab,Ludhiana,Tomato,1363,1539,1478,Rs./quintal
2026-02-07,Punjab,Ludhiana,Tomato,1237,1371,1316,Rs./quintal
2026-02-10,Punjab,Ludhiana,Tomato,1175,1288,1224,Rs./quintal
2026-02-13,Punjab,Ludhiana,Tomato,1340,1473,1422,Rs./quintal
2026-02-16,Punjab,Ludhiana,Tomato,1184,1287,1243,Rs./quintal
2026-02-19,Punjab,Ludhiana,Tomato,1138,1237,1201,Rs./quintal
2026-02-22,Punjab,Ludhiana,Tomato,989,1104,1041,Rs./quintal
2026-02-25,Punjab,Ludhiana,Tomato,1084,1193,1147,Rs./quintal
2026-02-28,Punjab,Ludhiana,Tomato,1287,1394,1330,Rs./quintal
2026-03-03,Punjab,Ludhiana,Tomato,1028,1162,1104,Rs./quintal
2026-03-06,Punjab,Ludhiana,Tomato,1309,1450,1376,Rs./quintal
2026-03-09,Punjab,Ludhiana,Tomato,1365,1479,1428,Rs./quintal
2026-03-12,Punjab,Ludhiana,Tomato,1381,1553,1483,Rs./quintal
2026-03-15,Punjab,Ludhiana,Tomato,1473,1589,1521,Rs./quintal
2026-03-18,Punjab,Ludhiana,Tomato,1295,1400,1356,Rs./quintal
2026-03-21,Punjab,Ludhiana,Tomato,1078,1240,1163,Rs./quintal
2026-03-24,Punjab,Ludhiana,Tomato,1354,1552,1463,Rs./quintal
2026-03-27,Punjab,Ludhiana,Tomato,1137,1234,1176,Rs./quintal
2026-03-30,Punjab,Ludhiana,Tomato,1267,1408,1321,Rs./quintal
2026-04-02,Punjab,Ludhiana,Tomato,1151,1317,1224,Rs./quintal
2026-04-05,Punjab,Ludhiana,Tomato,1564,1760,1647,Rs./quintal
2026-04-08,Punjab,Ludhiana,Tomato,1356,1534,1423,Rs./quintal
2026-04-11,Punjab,Ludhiana,Tomato,1171,1309,1239,Rs./quintal
2026-04-14,Punjab,Ludhiana,Tomato,1149,1275,1189,Rs./quintal
2026-04-17,Punjab,Ludhiana,Tomato,1362,1551,1441,Rs./quintal
2026-04-20,Punjab,Ludhiana,Tomato,1199,1348,1264,Rs./quintal
2026-04-23,Punjab,Ludhiana,Tomato,1161,1310,1236,Rs./quintal
2026-04-26,Punjab,Ludhiana,Tomato,1582,1756,1674,Rs./quintal
2026-04-29,Punjab,Ludhiana,Tomato,1671,1848,1730,Rs./quintal
2026-05-02,Punjab,Ludhiana,Tomato,1381,1538,1426,Rs./quintal
2026-05-05,Punjab,Ludhiana,Tomato,1425,1616,1538,Rs./quintal
2026-05-08,Punjab,Ludhiana,Tomato,1621,1769,1693,Rs./quintal
2026-05-11,Punjab,Ludhiana,Tomato,1631,1805,1694,Rs./quintal
2026-05-14,Punjab,Ludhiana,Tomato,1752,1915,1841,Rs./quintal
2026-05-17,Punjab,Ludhiana,Tomato,1537,1723,1645,Rs./quintal
2026-05-20,Punjab,Ludhiana,Tomato,1624,1781,1676,Rs./quintal
2026-05-23,Punjab,Ludhiana,Tomato,1753,1975,1855,Rs./quintal
2026-05-26,Punjab,Ludhiana,Tomato,1348,1525,1456,Rs./quintal
2026-05-29,Punjab,Ludhiana,Tomato,1475,1654,1555,Rs./quintal
2026-06-01,Punjab,Ludhiana,Tomato,1567,1755,1637,Rs./quintal
2026-06-04,Punjab,Ludhiana,Tomato,1490,1657,1548,Rs./quintal
2026-06-07,Punjab,Ludhiana,Tomato,1574,1772,1708,Rs./quintal
2026-06-10,Punjab,Ludhiana,Tomato,1681,1930,1808,Rs./quintal
2026-06-13,Punjab,Ludhiana,Tomato,1367,1525,1463,Rs./quintal
2026-06-16,Punjab,Ludhiana,Tomato,1836,2009,1923,Rs./quintal
2026-06-19,Punjab,Ludhiana,Tomato,1719,1997,1865,Rs./quintal
2026-06-22,Punjab,Ludhiana,Tomato,1372,1519,1424,Rs./quintal
2026-06-25,Punjab,Ludhiana,Tomato,1857,2053,1940,Rs./quintal
2026-06-28,Punjab,Ludhiana,Tomato,1453,1621,1515,Rs./quintal
2026-07-01,Punjab,Ludhiana,Tomato,1595,1801,1673,Rs./quintal
2026-07-04,Punjab,Ludhiana,Tomato,1690,1884,1746,Rs./quintal
2026-07-07,Punjab,Ludhiana,Tomato,1602,1743,1691,Rs./quintal
2026-07-10,Punjab,Ludhiana,Tomato,1565,1760,1646,Rs./quintal
2026-07-13,Punjab,Ludhiana,Tomato,2018,2258,2099,Rs./quintal
2026-07-16,Punjab,Ludhiana,Tomato,1884,2112,1978,Rs./quintal
2026-07-19,Punjab,Ludhiana,Tomato,1769,1990,1862,Rs./quintal
2026-07-22,Punjab,Ludhiana,Tomato,2026,2252,2168,Rs./quintal
2026-07-25,Punjab,Ludhiana,Tomato,1823,2038,1962,Rs./quintal
2026-07-28,Punjab,Ludhiana,Tomato,1726,1933,1838,Rs./quintal
2026-07-31,Punjab,Ludhiana,Tomato,1733,1981,1870,Rs./quintal
2026-02-01,Punjab,Patiala,Wheat,1984,2154,2076,Rs./quintal
2026-02-04,Punjab,Patiala,Wheat,1923,2121,2054,Rs./quintal
2026-02-07,Punjab,Patiala,Wheat,2046,2288,2152,Rs./quintal
2026-02-10,Punjab,Patiala,Wheat,1988,2196,2096,Rs./quintal
2026-02-13,Punjab,Patiala,Wheat,1996,2220,2133,Rs./quintal
2026-02-16,Punjab,Patiala,Wheat,1900,2172,2058,Rs./quintal
2026-02-19,Punjab,Patiala,Wheat,1976,2159,2087,Rs./quintal
2026-02-22,Punjab,Patiala,Wheat,1919,2158,2062,Rs./quintal
2026-02-25,Punjab,Patiala,Wheat,1936,2221,2080,Rs./quintal
2026-02-28,Punjab,Patiala,Wheat,2038,2251,2101,Rs./quintal
2026-03-03,Punjab,Patiala,Wheat,2016,2329,2190,Rs./quintal
2026-03-06,Punjab,Patiala,Wheat,2048,2251,2122,Rs./quintal
2026-03-09,Punjab,Patiala,Wheat,2075,2281,2144,Rs./quintal
2026-03-12,Punjab,Patiala,Wheat,2034,2269,2106,Rs./quintal
2026-03-15,Punjab,Patiala,Wheat,2002,2207,2114,Rs./quintal
2026-03-18,Punjab,Patiala,Wheat,2096,2287,2181,Rs./quintal
2026-03-21,Punjab,Patiala,Wheat,2042,2237,2167,Rs./quintal
2026-03-24,Punjab,Patiala,Wheat,2027,2301,2180,Rs./quintal
2026-03-27,Punjab,Patiala,Wheat,2029,2356,2186,Rs./quintal
2026-03-30,Punjab,Patiala,Wheat,1964,2205,2134,Rs./quintal
2026-04-02,Punjab,Patiala,Wheat,2093,2343,2183,Rs./quintal
2026-04-05,Punjab,Patiala,Wheat,1990,2273,2151,Rs./quintal
2026-04-08,Punjab,Patiala,Wheat,2119,2337,2187,Rs./quintal
2026-04-11,Punjab,Patiala,Wheat,2108,2327,2180,Rs./quintal
2026-04-14,Punjab,Patiala,Wheat,1995,2215,2116,Rs./quintal
2026-04-17,Punjab,Patiala,Wheat,1944,2254,2107,Rs./quintal
2026-04-20,Punjab,Patiala,Wheat,2057,2258,2168,Rs./quintal
2026-04-23,Punjab,Patiala,Wheat,2000,2260,2129,Rs./quintal
2026-04-26,Punjab,Patiala,Wheat,1982,2289,2152,Rs./quintal
2026-04-29,Punjab,Patiala,Wheat,2061,2297,2165,Rs./quintal
2026-05-02,Punjab,Patiala,Wheat,2114,2372,2227,Rs./quintal
2026-05-05,Punjab,Patiala,Wheat,2065,2212,2137,Rs./quintal
2026-05-08,Punjab,Patiala,Wheat,2086,2308,2231,Rs./quintal
2026-05-11,Punjab,Patiala,Wheat,2099,2339,2228,Rs./quintal
2026-05-14,Punjab,Patiala,Wheat,2089,2339,2214,Rs./quintal
2026-05-17,Punjab,Patiala,Wheat,2015,2295,2145,Rs./quintal
2026-05-20,Punjab,Patiala,Wheat,2129,2281,2199,Rs./quintal
2026-05-23,Punjab,Patiala,Wheat,2140,2371,2216,Rs./quintal
2026-05-26,Punjab,Patiala,Wheat,2087,2395,2223,Rs./quintal
2026-05-29,Punjab,Patiala,Wheat,2085,2280,2200,Rs./quintal
2026-06-01,Punjab,Patiala,Wheat,2052,2283,2160,Rs./quintal
2026-06-04,Punjab,Patiala,Wheat,2138,2440,2286,Rs./quintal
2026-06-07,Punjab,Patiala,Wheat,2137,2395,2280,Rs./quintal
2026-06-10,Punjab,Patiala,Wheat,2124,2331,2246,Rs./quintal
2026-06-13,Punjab,Patiala,Wheat,2105,2276,2189,Rs./quintal
2026-06-16,Punjab,Patiala,Wheat,2096,2342,2183,Rs./quintal
2026-06-19,Punjab,Patiala,Wheat,2197,2454,2273,Rs./quintal
2026-06-22,Punjab,Patiala,Wheat,2104,2320,2221,Rs./quintal
2026-06-25,Punjab,Patiala,Wheat,2005,2312,2168,Rs./quintal
2026-06-28,Punjab,Patiala,Wheat,2083,2305,2224,Rs./quintal
2026-07-01,Punjab,Patiala,Wheat,2109,2419,2280,Rs./quintal
2026-07-04,Punjab,Patiala,Wheat,2166,2436,2314,Rs./quintal
2026-07-07,Punjab,Patiala,Wheat,2128,2410,2275,Rs./quintal
2026-07-10,Punjab,Patiala,Wheat,2128,2372,2268,Rs./quintal
2026-07-13,Punjab,Patiala,Wheat,2071,2345,2250,Rs./quintal
2026-07-16,Punjab,Patiala,Wheat,2126,2337,2222,Rs./quintal
2026-07-19,Punjab,Patiala,Wheat,2137,2460,2306,Rs./quintal
2026-07-22,Punjab,Patiala,Wheat,2180,2422,2311,Rs./quintal
2026-07-25,Punjab,Patiala,Wheat,2116,2320,2233,Rs./quintal
2026-07-28,Punjab,Patiala,Wheat,2188,2440,2274,Rs./quintal
2026-07-31,Punjab,Patiala,Wheat,2094,2306,2211,Rs./quintal
2026-02-01,Punjab,Patiala,Rice,2301,2568,2491,Rs./quintal
2026-02-04,Punjab,Patiala,Rice,2346,2696,2546,Rs./quintal
2026-02-07,Punjab,Patiala,Rice,2405,2724,2533,Rs./quintal
2026-02-10,Punjab,Patiala,Rice,2416,2755,2551,Rs./quintal
2026-02-13,Punjab,Patiala,Rice,2436,2664,2541,Rs./quintal
2026-02-16,Punjab,Patiala,Rice,2405,2676,2509,Rs./quintal
2026-02-19,Punjab,Patiala,Rice,2375,2658,2518,Rs./quintal
2026-02-22,Punjab,Patiala,Rice,2393,2692,2532,Rs./quintal
2026-02-25,Punjab,Patiala,Rice,2486,2746,2589,Rs./quintal
2026-02-28,Punjab,Patiala,Rice,2366,2633,2502,Rs./quintal
2026-03-03,Punjab,Patiala,Rice,2447,2688,2529,Rs./quintal
2026-03-06,Punjab,Patiala,Rice,2516,2772,2630,Rs./quintal
2026-03-09,Punjab,Patiala,Rice,2376,2691,2552,Rs./quintal
2026-03-12,Punjab,Patiala,Rice,2359,2595,2514,Rs./quintal
2026-03-15,Punjab,Patiala,Rice,2444,2654,2532,Rs./quintal
2026-03-18,Punjab,Patiala,Rice,2419,2649,2566,Rs./quintal
2026-03-21,Punjab,Patiala,Rice,2464,2804,2632,Rs./quintal
2026-03-24,Punjab,Patiala,Rice,2474,2758,2573,Rs./quintal
2026-03-27,Punjab,Patiala,Rice,2406,2638,2540,Rs./quintal
2026-03-30,Punjab,Patiala,Rice,2430,2752,2590,Rs./quintal
2026-04-02,Punjab,Patiala,Rice,2496,2768,2639,Rs./quintal
2026-04-05,Punjab,Patiala,Rice,2505,2775,2649,Rs./quintal
2026-04-08,Punjab,Patiala,Rice,2497,2787,2644,Rs./quintal
2026-04-11,Punjab,Patiala,Rice,2466,2705,2609,Rs./quintal
2026-04-14,Punjab,Patiala,Rice,2358,2711,2552,Rs./quintal
2026-04-17,Punjab,Patiala,Rice,2377,2681,2558,Rs./quintal
2026-04-20,Punjab,Patiala,Rice,2430,2733,2624,Rs./quintal
2026-04-23,Punjab,Patiala,Rice,2520,2779,2636,Rs./quintal
2026-04-26,Punjab,Patiala,Rice,2413,2692,2593,Rs./quintal
2026-04-29,Punjab,Patiala,Rice,2431,2724,2639,Rs./quintal
2026-05-02,Punjab,Patiala,Rice,2442,2793,2631,Rs./quintal
2026-05-05,Punjab,Patiala,Rice,2429,2645,2561,Rs./quintal
2026-05-08,Punjab,Patiala,Rice,2406,2792,2590,Rs./quintal
2026-05-11,Punjab,Patiala,Rice,2498,2717,2635,Rs./quintal
2026-05-14,Punjab,Patiala,Rice,2527,2768,2651,Rs./quintal
2026-05-17,Punjab,Patiala,Rice,2419,2771,2567,Rs./quintal
2026-05-20,Punjab,Patiala,Rice,2479,2861,2670,Rs./quintal
2026-05-23,Punjab,Patiala,Rice,2529,2822,2635,Rs./quintal
2026-05-26,Punjab,Patiala,Rice,2459,2692,2580,Rs./quintal
2026-05-29,Punjab,Patiala,Rice,2484,2791,2651,Rs./quintal
2026-06-01,Punjab,Patiala,Rice,2478,2791,2660,Rs./quintal
2026-06-04,Punjab,Patiala,Rice,2415,2785,2596,Rs./quintal
2026-06-07,Punjab,Patiala,Rice,2493,2748,2649,Rs./quintal
2026-06-10,Punjab,Patiala,Rice,2449,2753,2595,Rs./quintal
2026-06-13,Punjab,Patiala,Rice,2481,2730,2587,Rs./quintal
2026-06-16,Punjab,Patiala,Rice,2452,2692,2597,Rs./quintal
2026-06-19,Punjab,Patiala,Rice,2559,2861,2662,Rs./quintal
2026-06-22,Punjab,Patiala,Rice,2556,2835,2684,Rs./quintal
2026-06-25,Punjab,Patiala,Rice,2426,2780,2631,Rs./quintal
2026-06-28,Punjab,Patiala,Rice,2508,2793,2612,Rs./quintal
2026-07-01,Punjab,Patiala,Rice,2525,2837,2659,Rs./quintal
2026-07-04,Punjab,Patiala,Rice,2587,2804,2709,Rs./quintal
2026-07-07,Punjab,Patiala,Rice,2478,2734,2625,Rs./quintal
2026-07-10,Punjab,Patiala,Rice,2543,2923,2722,Rs./quintal
2026-07-13,Punjab,Patiala,Rice,2474,2836,2662,Rs./quintal
2026-07-16,Punjab,Patiala,Rice,2574,2810,2713,Rs./quintal
2026-07-19,Punjab,Patiala,Rice,2486,2777,2609,Rs./quintal
2026-07-22,Punjab,Patiala,Rice,2486,2750,2650,Rs./quintal
2026-07-25,Punjab,Patiala,Rice,2514,2891,2695,Rs./quintal
2026-07-28,Punjab,Patiala,Rice,2500,2781,2664,Rs./quintal
2026-07-31,Punjab,Patiala,Rice,2585,2836,2699,Rs./quintal
2026-02-01,Punjab,Patiala,Soybean,4143,4669,4414,Rs./quintal
2026-02-04,Punjab,Patiala,Soybean,4034,4517,4313,Rs./quintal
2026-02-07,Punjab,Patiala,Soybean,4318,4841,4513,Rs./quintal
2026-02-10,Punjab,Patiala,Soybean,4301,4727,4492,Rs./quintal
2026-02-13,Punjab,Patiala,Soybean,4186,4694,4510,Rs./quintal
2026-02-16,Punjab,Patiala,Soybean,4102,4630,4378,Rs./quintal
2026-02-19,Punjab,Patiala,Soybean,4308,4681,4509,Rs./quintal
2026-02-22,Punjab,Patiala,Soybean,4258,4787,4627,Rs./quintal
2026-02-25,Punjab,Patiala,Soybean,4121,4486,4265,Rs./quintal
2026-02-28,Punjab,Patiala,Soybean,3938,4373,4229,Rs./quintal
2026-03-03,Punjab,Patiala,Soybean,3882,4460,4133,Rs./quintal
2026-03-06,Punjab,Patiala,Soybean,4147,4670,4383,Rs./quintal
2026-03-09,Punjab,Patiala,Soybean,4233,4687,4376,Rs./quintal
2026-03-12,Punjab,Patiala,Soybean,4139,4570,4394,Rs./quintal
2026-03-15,Punjab,Patiala,Soybean,4227,4597,4402,Rs./quintal
2026-03-18,Punjab,Patiala,Soybean,3924,4361,4131,Rs./quintal
2026-03-21,Punjab,Patiala,Soybean,3915,4351,4217,Rs./quintal
2026-03-24,Punjab,Patiala,Soybean,3883,4381,4221,Rs./quintal
2026-03-27,Punjab,Patiala,Soybean,4362,4766,4549,Rs./quintal
2026-03-30,Punjab,Patiala,Soybean,4071,4528,4288,Rs./quintal
2026-04-02,Punjab,Patiala,Soybean,4015,4498,4348,Rs./quintal
2026-04-05,Punjab,Patiala,Soybean,3995,4470,4155,Rs./quintal
2026-04-08,Punjab,Patiala,Soybean,4049,4365,4182,Rs./quintal
2026-04-11,Punjab,Patiala,Soybean,3990,4620,4292,Rs./quintal
2026-04-14,Punjab,Patiala,Soybean,3993,4494,4279,Rs./quintal
2026-04-17,Punjab,Patiala,Soybean,3768,4262,4080,Rs./quintal
2026-04-20,Punjab,Patiala,Soybean,4260,4782,4437,Rs./quintal
2026-04-23,Punjab,Patiala,Soybean,4234,4666,4407,Rs./quintal
2026-04-26,Punjab,Patiala,Soybean,4192,4581,4329,Rs./quintal
2026-04-29,Punjab,Patiala,Soybean,4178,4703,4362,Rs./quintal
2026-05-02,Punjab,Patiala,Soybean,3909,4391,4145,Rs./quintal
2026-05-05,Punjab,Patiala,Soybean,3671,4097,3965,Rs./quintal
2026-05-08,Punjab,Patiala,Soybean,4090,4487,4218,Rs./quintal
2026-05-11,Punjab,Patiala,Soybean,3790,4365,4050,Rs./quintal
2026-05-14,Punjab,Patiala,Soybean,3838,4468,4169,Rs./quintal
2026-05-17,Punjab,Patiala,Soybean,3751,4315,4057,Rs./quintal
2026-05-20,Punjab,Patiala,Soybean,3969,4625,4296,Rs./quintal
2026-05-23,Punjab,Patiala,Soybean,3893,4462,4152,Rs./quintal
2026-05-26,Punjab,Patiala,Soybean,3933,4327,4066,Rs./quintal
2026-05-29,Punjab,Patiala,Soybean,4094,4506,4333,Rs./quintal
2026-06-01,Punjab,Patiala,Soybean,4023,4343,4175,Rs./quintal
2026-06-04,Punjab,Patiala,Soybean,3691,4199,3958,Rs./quintal
2026-06-07,Punjab,Patiala,Soybean,3644,4237,3938,Rs./quintal
2026-06-10,Punjab,Patiala,Soybean,3956,4402,4150,Rs./quintal
2026-06-13,Punjab,Patiala,Soybean,3965,4321,4187,Rs./quintal
2026-06-16,Punjab,Patiala,Soybean,3873,4294,4072,Rs./quintal
2026-06-19,Punjab,Patiala,Soybean,4127,4591,4277,Rs./quintal
2026-06-22,Punjab,Patiala,Soybean,3950,4384,4075,Rs./quintal
2026-06-25,Punjab,Patiala,Soybean,3714,4224,3989,Rs./quintal
2026-06-28,Punjab,Patiala,Soybean,3741,4107,3897,Rs./quintal
2026-07-01,Punjab,Patiala,Soybean,3793,4212,4013,Rs./quintal
2026-07-04,Punjab,Patiala,Soybean,3782,4393,4072,Rs./quintal
2026-07-07,Punjab,Patiala,Soybean,3844,4339,4076,Rs./quintal
2026-07-10,Punjab,Patiala,Soybean,3538,4027,3802,Rs./quintal
2026-07-13,Punjab,Patiala,Soybean,3733,4096,3927,Rs./quintal
2026-07-16,Punjab,Patiala,Soybean,3743,4232,4017,Rs./quintal
2026-07-19,Punjab,Patiala,Soybean,3793,4264,4042,Rs./quintal
2026-07-22,Punjab,Patiala,Soybean,3706,4070,3881,Rs./quintal
2026-07-25,Punjab,Patiala,Soybean,3866,4300,4139,Rs./quintal
2026-07-28,Punjab,Patiala,Soybean,3653,4009,3850,Rs./quintal
2026-07-31,Punjab,Patiala,Soybean,3582,3997,3837,Rs./quintal
2026-02-01,Punjab,Patiala,Onion,1243,1446,1341,Rs./quintal
2026-02-04,Punjab,Patiala,Onion,1195,1292,1244,Rs./quintal
2026-02-07,Punjab,Patiala,Onion,1348,1491,1390,Rs./quintal
2026-02-10,Punjab,Patiala,Onion,1337,1495,1398,Rs./quintal
2026-02-13,Punjab,Patiala,Onion,1239,1383,1307,Rs./quintal
2026-02-16,Punjab,Patiala,Onion,1287,1392,1348,Rs./quintal
2026-02-19,Punjab,Patiala,Onion,1436,1615,1521,Rs./quintal
2026-02-22,Punjab,Patiala,Onion,1283,1436,1370,Rs./quintal
2026-02-25,Punjab,Patiala,Onion,1369,1477,1416,Rs./quintal
2026-02-28,Punjab,Patiala,Onion,1102,1277,1190,Rs./quintal
2026-03-03,Punjab,Patiala,Onion,1561,1778,1679,Rs./quintal
2026-03-06,Punjab,Patiala,Onion,1430,1646,1540,Rs./quintal
2026-03-09,Punjab,Patiala,Onion,1345,1487,1410,Rs./quintal
2026-03-12,Punjab,Patiala,Onion,1523,1656,1579,Rs./quintal
2026-03-15,Punjab,Patiala,Onion,1313,1431,1380,Rs./quintal
2026-03-18,Punjab,Patiala,Onion,1274,1389,1327,Rs./quintal
2026-03-21,Punjab,Patiala,Onion,1453,1643,1532,Rs./quintal
2026-03-24,Punjab,Patiala,Onion,1192,1337,1284,Rs./quintal
2026-03-27,Punjab,Patiala,Onion,1302,1453,1393,Rs./quintal
2026-03-30,Punjab,Patiala,Onion,1436,1618,1538,Rs./quintal
2026-04-02,Punjab,Patiala,Onion,1625,1835,1732,Rs./quintal
2026-04-05,Punjab,Patiala,Onion,1675,1851,1781,Rs./quintal
2026-04-08,Punjab,Patiala,Onion,1281,1423,1339,Rs./quintal
2026-04-11,Punjab,Patiala,Onion,1689,1829,1769,Rs./quintal
2026-04-14,Punjab,Patiala,Onion,1301,1453,1406,Rs./quintal
2026-04-17,Punjab,Patiala,Onion,1649,1794,1740,Rs./quintal
2026-04-20,Punjab,Patiala,Onion,1451,1566,1514,Rs./quintal
2026-04-23,Punjab,Patiala,Onion,1346,1542,1451,Rs./quintal
2026-04-26,Punjab,Patiala,Onion,1631,1817,1743,Rs./quintal
2026-04-29,Punjab,Patiala,Onion,1390,1514,1461,Rs./quintal
2026-05-02,Punjab,Patiala,Onion,1681,1939,1824,Rs./quintal
2026-05-05,Punjab,Patiala,Onion,1718,1934,1835,Rs./quintal
2026-05-08,Punjab,Patiala,Onion,1792,1975,1892,Rs./quintal
2026-05-11,Punjab,Patiala,Onion,1578,1735,1629,Rs./quintal
2026-05-14,Punjab,Patiala,Onion,1421,1588,1496,Rs./quintal
2026-05-17,Punjab,Patiala,Onion,1635,1821,1724,Rs./quintal
2026-05-20,Punjab,Patiala,Onion,1614,1807,1725,Rs./quintal
2026-05-23,Punjab,Patiala,Onion,1609,1763,1676,Rs./quintal
2026-05-26,Punjab,Patiala,Onion,1483,1661,1589,Rs./quintal
2026-05-29,Punjab,Patiala,Onion,1353,1510,1408,Rs./quintal
2026-06-01,Punjab,Patiala,Onion,1578,1724,1673,Rs./quintal
2026-06-04,Punjab,Patiala,Onion,1913,2085,1978,Rs./quintal
2026-06-07,Punjab,Patiala,Onion,1409,1564,1497,Rs./quintal
2026-06-10,Punjab,Patiala,Onion,1485,1693,1614,Rs./quintal
2026-06-13,Punjab,Patiala,Onion,1620,1794,1709,Rs./quintal
2026-06-16,Punjab,Patiala,Onion,1510,1656,1578,Rs./quintal
2026-06-19,Punjab,Patiala,Onion,1578,1777,1691,Rs./quintal
2026-06-22,Punjab,Patiala,Onion,1550,1740,1618,Rs./quintal
2026-06-25,Punjab,Patiala,Onion,1829,2002,1917,Rs./quintal
2026-06-28,Punjab,Patiala,Onion,1809,1978,1883,Rs./quintal
2026-07-01,Punjab,Patiala,Onion,1912,2150,2058,Rs./quintal
2026-07-04,Punjab,Patiala,Onion,1842,2021,1937,Rs./quintal
2026-07-07,Punjab,Patiala,Onion,1793,1989,1929,Rs./quintal
2026-07-10,Punjab,Patiala,Onion,1523,1672,1609,Rs./quintal
2026-07-13,Punjab,Patiala,Onion,1530,1747,1639,Rs./quintal
2026-07-16,Punjab,Patiala,Onion,1852,2063,1988,Rs./quintal
2026-07-19,Punjab,Patiala,Onion,1740,1942,1857,Rs./quintal
2026-07-22,Punjab,Patiala,Onion,1967,2136,2028,Rs./quintal
2026-07-25,Punjab,Patiala,Onion,1896,2170,2024,Rs./quintal
2026-07-28,Punjab,Patiala,Onion,1950,2258,2113,Rs./quintal
2026-07-31,Punjab,Patiala,Onion,1530,1686,1622,Rs./quintal
2026-02-01,Punjab,Patiala,Tomato,1344,1448,1398,Rs./quintal
2026-02-04,Punjab,Patiala,Tomato,1281,1468,1374,Rs./quintal
2026-02-07,Punjab,Patiala,Tomato,1161,1251,1213,Rs./quintal
2026-02-10,Punjab,Patiala,Tomato,1171,1291,1222,Rs./quintal
2026-02-13,Punjab,Patiala,Tomato,1397,1575,1480,Rs./quintal
2026-02-16,Punjab,Patiala,Tomato,1075,1219,1148,Rs./quintal
2026-02-19,Punjab,Patiala,Tomato,980,1071,1014,Rs./quintal
2026-02-22,Punjab,Patiala,Tomato,1065,1164,1119,Rs./quintal
2026-02-25,Punjab,Patiala,Tomato,1380,1492,1433,Rs./quintal
2026-02-28,Punjab,Patiala,Tomato,998,1097,1049,Rs./quintal
2026-03-03,Punjab,Patiala,Tomato,1085,1204,1162,Rs./quintal
2026-03-06,Punjab,Patiala,Tomato,1376,1543,1495,Rs./quintal
2026-03-09,Punjab,Patiala,Tomato,1408,1581,1492,Rs./quintal
2026-03-12,Punjab,Patiala,Tomato,1175,1319,1271,Rs./quintal
2026-03-15,Punjab,Patiala,Tomato,1066,1207,1121,Rs./quintal
2026-03-18,Punjab,Patiala,Tomato,1529,1660,1607,Rs./quintal
2026-03-21,Punjab,Patiala,Tomato,1354,1517,1418,Rs./quintal
2026-03-24,Punjab,Patiala,Tomato,1062,1230,1140,Rs./quintal
2026-03-27,Punjab,Patiala,Tomato,1432,1600,1495,Rs./quintal
2026-03-30,Punjab,Patiala,Tomato,1215,1391,1307,Rs./quintal
2026-04-02,Punjab,Patiala,Tomato,1265,1467,1365,Rs./quintal
2026-04-05,Punjab,Patiala,Tomato,1355,1503,1439,Rs./quintal
2026-04-08,Punjab,Patiala,Tomato,1452,1623,1562,Rs./quintal
2026-04-11,Punjab,Patiala,Tomato,1300,1418,1359,Rs./quintal
2026-04-14,Punjab,Patiala,Tomato,1583,1734,1639,Rs./quintal
2026-04-17,Punjab,Patiala,Tomato,1111,1252,1198,Rs./quintal
2026-04-20,Punjab,Patiala,Tomato,1229,1349,1310,Rs./quintal
2026-04-23,Punjab,Patiala,Tomato,1434,1587,1527,Rs./quintal
2026-04-26,Punjab,Patiala,Tomato,1126,1249,1169,Rs./quintal
2026-04-29,Punjab,Patiala,Tomato,1239,1378,1296,Rs./quintal
2026-05-02,Punjab,Patiala,Tomato,1492,1677,1588,Rs./quintal
2026-05-05,Punjab,Patiala,Tomato,1480,1657,1562,Rs./quintal
2026-05-08,Punjab,Patiala,Tomato,1382,1504,1452,Rs./quintal
2026-05-11,Punjab,Patiala,Tomato,1457,1691,1578,Rs./quintal
2026-05-14,Punjab,Patiala,Tomato,1284,1385,1332,Rs./quintal
2026-05-17,Punjab,Patiala,Tomato,1437,1645,1554,Rs./quintal
2026-05-20,Punjab,Patiala,Tomato,1690,1874,1774,Rs./quintal
2026-05-23,Punjab,Patiala,Tomato,1575,1771,1689,Rs./quintal
2026-05-26,Punjab,Patiala,Tomato,1505,1755,1630,Rs./quintal
2026-05-29,Punjab,Patiala,Tomato,1304,1484,1381,Rs./quintal
2026-06-01,Punjab,Patiala,Tomato,1349,1451,1405,Rs./quintal
2026-06-04,Punjab,Patiala,Tomato,1671,1816,1728,Rs./quintal
2026-06-07,Punjab,Patiala,Tomato,1529,1714,1600,Rs./quintal
2026-06-10,Punjab,Patiala,Tomato,1411,1581,1530,Rs./quintal
2026-06-13,Punjab,Patiala,Tomato,1505,1677,1556,Rs./quintal
2026-06-16,Punjab,Patiala,Tomato,1354,1496,1416,Rs./quintal
2026-06-19,Punjab,Patiala,Tomato,1400,1542,1479,Rs./quintal
2026-06-22,Punjab,Patiala,Tomato,1647,1893,1773,Rs./quintal
2026-06-25,Punjab,Patiala,Tomato,1509,1732,1631,Rs./quintal
2026-06-28,Punjab,Patiala,Tomato,1501,1693,1592,Rs./quintal
2026-07-01,Punjab,Patiala,Tomato,1952,2185,2103,Rs./quintal
2026-07-04,Punjab,Patiala,Tomato,1641,1818,1752,Rs./quintal
2026-07-07,Punjab,Patiala,Tomato,2060,2291,2187,Rs./quintal
2026-07-10,Punjab,Patiala,Tomato,1638,1767,1689,Rs./quintal
2026-07-13,Punjab,Patiala,Tomato,1658,1819,1730,Rs./quintal
2026-07-16,Punjab,Patiala,Tomato,1889,2104,1988,Rs./quintal
2026-07-19,Punjab,Patiala,Tomato,1548,1738,1615,Rs./quintal
2026-07-22,Punjab,Patiala,Tomato,1592,1730,1644,Rs./quintal
2026-07-25,Punjab,Patiala,Tomato,1672,1886,1748,Rs./quintal
2026-07-28,Punjab,Patiala,Tomato,1791,2044,1893,Rs./quintal
2026-07-31,Punjab,Patiala,Tomato,1570,1748,1679,Rs./quintal
2026-02-01,Punjab,Amritsar,Wheat,2079,2302,2163,Rs./quintal
2026-02-04,Punjab,Amritsar,Wheat,2082,2324,2197,Rs./quintal
2026-02-07,Punjab,Amritsar,Wheat,2118,2356,2283,Rs./quintal
2026-02-10,Punjab,Amritsar,Wheat,2046,2314,2207,Rs./quintal
2026-02-13,Punjab,Amritsar,Wheat,2084,2395,2237,Rs./quintal
2026-02-16,Punjab,Amritsar,Wheat,2042,2337,2172,Rs./quintal
2026-02-19,Punjab,Amritsar,Wheat,2159,2415,2258,Rs./quintal
2026-02-22,Punjab,Amritsar,Wheat,2098,2324,2183,Rs./quintal
2026-02-25,Punjab,Amritsar,Wheat,2160,2371,2237,Rs./quintal
2026-02-28,Punjab,Amritsar,Wheat,2104,2329,2200,Rs./quintal
2026-03-03,Punjab,Amritsar,Wheat,2033,2354,2203,Rs./quintal
2026-03-06,Punjab,Amritsar,Wheat,2151,2353,2239,Rs./quintal
2026-03-09,Punjab,Amritsar,Wheat,2226,2405,2310,Rs./quintal
2026-03-12,Punjab,Amritsar,Wheat,2167,2351,2281,Rs./quintal
2026-03-15,Punjab,Amritsar,Wheat,2157,2401,2297,Rs./quintal
2026-03-18,Punjab,Amritsar,Wheat,2081,2280,2198,Rs./quintal
2026-03-21,Punjab,Amritsar,Wheat,2104,2334,2260,Rs./quintal
2026-03-24,Punjab,Amritsar,Wheat,2153,2411,2291,Rs./quintal
2026-03-27,Punjab,Amritsar,Wheat,2149,2366,2273,Rs./quintal
2026-03-30,Punjab,Amritsar,Wheat,2097,2313,2231,Rs./quintal
2026-04-02,Punjab,Amritsar,Wheat,2121,2309,2236,Rs./quintal
2026-04-05,Punjab,Amritsar,Wheat,2107,2406,2280,Rs./quintal
2026-04-08,Punjab,Amritsar,Wheat,2160,2417,2331,Rs./quintal
2026-04-11,Punjab,Amritsar,Wheat,2174,2446,2302,Rs./quintal
2026-04-14,Punjab,Amritsar,Wheat,2141,2402,2252,Rs./quintal
2026-04-17,Punjab,Amritsar,Wheat,2086,2415,2259,Rs./quintal
2026-04-20,Punjab,Amritsar,Wheat,2192,2347,2269,Rs./quintal
2026-04-23,Punjab,Amritsar,Wheat,2181,2427,2317,Rs./quintal
2026-04-26,Punjab,Amritsar,Wheat,2155,2340,2269,Rs./quintal
2026-04-29,Punjab,Amritsar,Wheat,2198,2405,2267,Rs./quintal
2026-05-02,Punjab,Amritsar,Wheat,2258,2486,2397,Rs./quintal
2026-05-05,Punjab,Amritsar,Wheat,2176,2356,2265,Rs./quintal
2026-05-08,Punjab,Amritsar,Wheat,2214,2479,2311,Rs./quintal
2026-05-11,Punjab,Amritsar,Wheat,2098,2450,2274,Rs./quintal
2026-05-14,Punjab,Amritsar,Wheat,2301,2558,2388,Rs./quintal
2026-05-17,Punjab,Amritsar,Wheat,2158,2340,2260,Rs./quintal
2026-05-20,Punjab,Amritsar,Wheat,2138,2415,2321,Rs./quintal
2026-05-23,Punjab,Amritsar,Wheat,2170,2464,2333,Rs./quintal
2026-05-26,Punjab,Amritsar,Wheat,2166,2447,2294,Rs./quintal
2026-05-29,Punjab,Amritsar,Wheat,2175,2348,2278,Rs./quintal
2026-06-01,Punjab,Amritsar,Wheat,2264,2451,2375,Rs./quintal
2026-06-04,Punjab,Amritsar,Wheat,2164,2477,2316,Rs./quintal
2026-06-07,Punjab,Amritsar,Wheat,2196,2529,2380,Rs./quintal
2026-06-10,Punjab,Amritsar,Wheat,2154,2393,2293,Rs./quintal
2026-06-13,Punjab,Amritsar,Wheat,2300,2590,2413,Rs./quintal
2026-06-16,Punjab,Amritsar,Wheat,2211,2438,2295,Rs./quintal
2026-06-19,Punjab,Amritsar,Wheat,2183,2508,2325,Rs./quintal
2026-06-22,Punjab,Amritsar,Wheat,2158,2475,2306,Rs./quintal
2026-06-25,Punjab,Amritsar,Wheat,2201,2498,2368,Rs./quintal
2026-06-28,Punjab,Amritsar,Wheat,2278,2430,2357,Rs./quintal
2026-07-01,Punjab,Amritsar,Wheat,2236,2472,2362,Rs./quintal
2026-07-04,Punjab,Amritsar,Wheat,2211,2496,2383,Rs./quintal
2026-07-07,Punjab,Amritsar,Wheat,2261,2476,2377,Rs./quintal
2026-07-10,Punjab,Amritsar,Wheat,2331,2641,2467,Rs./quintal
2026-07-13,Punjab,Amritsar,Wheat,2330,2597,2417,Rs./quintal
2026-07-16,Punjab,Amritsar,Wheat,2252,2585,2444,Rs./quintal
2026-07-19,Punjab,Amritsar,Wheat,2196,2544,2367,Rs./quintal
2026-07-22,Punjab,Amritsar,Wheat,2238,2540,2421,Rs./quintal
2026-07-25,Punjab,Amritsar,Wheat,2343,2616,2465,Rs./quintal
2026-07-28,Punjab,Amritsar,Wheat,2199,2448,2359,Rs./quintal
2026-07-31,Punjab,Amritsar,Wheat,2381,2581,2466,Rs./quintal
2026-02-01,Punjab,Amritsar,Rice,2247,2562,2424,Rs./quintal
2026-02-04,Punjab,Amritsar,Rice,2405,2610,2497,Rs./quintal
2026-02-07,Punjab,Amritsar,Rice,2352,2577,2486,Rs./quintal
2026-02-10,Punjab,Amritsar,Rice,2442,2615,2521,Rs./quintal
2026-02-13,Punjab,Amritsar,Rice,2428,2629,2514,Rs./quintal
2026-02-16,Punjab,Amritsar,Rice,2387,2556,2467,Rs./quintal
2026-02-19,Punjab,Amritsar,Rice,2350,2600,2438,Rs./quintal
2026-02-22,Punjab,Amritsar,Rice,2403,2619,2493,Rs./quintal
2026-02-25,Punjab,Amritsar,Rice,2307,2637,2449,Rs./quintal
2026-02-28,Punjab,Amritsar,Rice,2425,2619,2509,Rs./quintal
2026-03-03,Punjab,Amritsar,Rice,2332,2619,2520,Rs./quintal
2026-03-06,Punjab,Amritsar,Rice,2394,2627,2518,Rs./quintal
2026-03-09,Punjab,Amritsar,Rice,2322,2597,2493,Rs./quintal
2026-03-12,Punjab,Amritsar,Rice,2352,2670,2508,Rs./quintal
2026-03-15,Punjab,Amritsar,Rice,2346,2632,2482,Rs./quintal
2026-03-18,Punjab,Amritsar,Rice,2357,2693,2511,Rs./quintal
2026-03-21,Punjab,Amritsar,Rice,2302,2583,2484,Rs./quintal
2026-03-24,Punjab,Amritsar,Rice,2326,2502,2427,Rs./quintal
2026-03-27,Punjab,Amritsar,Rice,2310,2621,2456,Rs./quintal
2026-03-30,Punjab,Amritsar,Rice,2439,2631,2546,Rs./quintal
2026-04-02,Punjab,Amritsar,Rice,2484,2751,2563,Rs./quintal
2026-04-05,Punjab,Amritsar,Rice,2349,2642,2509,Rs./quintal
2026-04-08,Punjab,Amritsar,Rice,2330,2558,2478,Rs./quintal
2026-04-11,Punjab,Amritsar,Rice,2384,2655,2539,Rs./quintal
2026-04-14,Punjab,Amritsar,Rice,2416,2675,2524,Rs./quintal
2026-04-17,Punjab,Amritsar,Rice,2422,2687,2513,Rs./quintal
2026-04-20,Punjab,Amritsar,Rice,2368,2691,2512,Rs./quintal
2026-04-23,Punjab,Amritsar,Rice,2378,2589,2452,Rs./quintal
2026-04-26,Punjab,Amritsar,Rice,2389,2642,2497,Rs./quintal
2026-04-29,Punjab,Amritsar,Rice,2390,2594,2512,Rs./quintal
2026-05-02,Punjab,Amritsar,Rice,2357,2621,2508,Rs./quintal
2026-05-05,Punjab,Amritsar,Rice,2429,2708,2576,Rs./quintal
2026-05-08,Punjab,Amritsar,Rice,2352,2691,2549,Rs./quintal
2026-05-11,Punjab,Amritsar,Rice,2394,2621,2490,Rs./quintal
2026-05-14,Punjab,Amritsar,Rice,2372,2740,2563,Rs./quintal
2026-05-17,Punjab,Amritsar,Rice,2473,2685,2590,Rs./quintal
2026-05-20,Punjab,Amritsar,Rice,2379,2622,2524,Rs./quintal
2026-05-23,Punjab,Amritsar,Rice,2433,2648,2546,Rs./quintal
2026-05-26,Punjab,Amritsar,Rice,2358,2692,2529,Rs./quintal
2026-05-29,Punjab,Amritsar,Rice,2483,2758,2587,Rs./quintal
2026-06-01,Punjab,Amritsar,Rice,2325,2644,2512,Rs./quintal
2026-06-04,Punjab,Amritsar,Rice,2406,2668,2543,Rs./quintal
2026-06-07,Punjab,Amritsar,Rice,2457,2799,2598,Rs./quintal
2026-06-10,Punjab,Amritsar,Rice,2390,2719,2545,Rs./quintal
2026-06-13,Punjab,Amritsar,Rice,2478,2778,2613,Rs./quintal
2026-06-16,Punjab,Amritsar,Rice,2423,2613,2515,Rs./quintal
2026-06-19,Punjab,Amritsar,Rice,2434,2705,2587,Rs./quintal
2026-06-22,Punjab,Amritsar,Rice,2445,2754,2595,Rs./quintal
2026-06-25,Punjab,Amritsar,Rice,2327,2612,2511,Rs./quintal
2026-06-28,Punjab,Amritsar,Rice,2403,2712,2576,Rs./quintal
2026-07-01,Punjab,Amritsar,Rice,2493,2712,2632,Rs./quintal
2026-07-04,Punjab,Amritsar,Rice,2456,2792,2635,Rs./quintal
2026-07-07,Punjab,Amritsar,Rice,2429,2671,2583,Rs./quintal
2026-07-10,Punjab,Amritsar,Rice,2423,2748,2599,Rs./quintal
2026-07-13,Punjab,Amritsar,Rice,2465,2786,2601,Rs./quintal
2026-07-16,Punjab,Amritsar,Rice,2344,2686,2528,Rs./quintal
2026-07-19,Punjab,Amritsar,Rice,2432,2686,2526,Rs./quintal
2026-07-22,Punjab,Amritsar,Rice,2459,2830,2630,Rs./quintal
2026-07-25,Punjab,Amritsar,Rice,2378,2626,2528,Rs./quintal
2026-07-28,Punjab,Amritsar,Rice,2479,2776,2608,Rs./quintal
2026-07-31,Punjab,Amritsar,Rice,2492,2699,2598,Rs./quintal
2026-02-01,Punjab,Amritsar,Soybean,4171,4465,4315,Rs./quintal
2026-02-04,Punjab,Amritsar,Soybean,3937,4400,4195,Rs./quintal
2026-02-07,Punjab,Amritsar,Soybean,3856,4332,4096,Rs./quintal
2026-02-10,Punjab,Amritsar,Soybean,3885,4463,4192,Rs./quintal
2026-02-13,Punjab,Amritsar,Soybean,3960,4419,4184,Rs./quintal
2026-02-16,Punjab,Amritsar,Soybean,4149,4520,4365,Rs./quintal
2026-02-19,Punjab,Amritsar,Soybean,4166,4727,4379,Rs./quintal
2026-02-22,Punjab,Amritsar,Soybean,4079,4602,4274,Rs./quintal
2026-02-25,Punjab,Amritsar,Soybean,4194,4760,4489,Rs./quintal
2026-02-28,Punjab,Amritsar,Soybean,3976,4537,4202,Rs./quintal
2026-03-03,Punjab,Amritsar,Soybean,3830,4374,4134,Rs./quintal
2026-03-06,Punjab,Amritsar,Soybean,4000,4433,4203,Rs./quintal
2026-03-09,Punjab,Amritsar,Soybean,3860,4327,4061,Rs./quintal
2026-03-12,Punjab,Amritsar,Soybean,4045,4533,4396,Rs./quintal
2026-03-15,Punjab,Amritsar,Soybean,3933,4556,4248,Rs./quintal
2026-03-18,Punjab,Amritsar,Soybean,4191,4540,4321,Rs./quintal
2026-03-21,Punjab,Amritsar,Soybean,3911,4380,4125,Rs./quintal
2026-03-24,Punjab,Amritsar,Soybean,3711,4166,3990,Rs./quintal
2026-03-27,Punjab,Amritsar,Soybean,4038,4556,4317,Rs./quintal
2026-03-30,Punjab,Amritsar,Soybean,3793,4386,4121,Rs./quintal
2026-04-02,Punjab,Amritsar,Soybean,3869,4292,4046,Rs./quintal
2026-04-05,Punjab,Amritsar,Soybean,3639,4100,3918,Rs./quintal
2026-04-08,Punjab,Amritsar,Soybean,3857,4352,4045,Rs./quintal
2026-04-11,Punjab,Amritsar,Soybean,4031,4462,4233,Rs./quintal
2026-04-14,Punjab,Amritsar,Soybean,4017,4401,4164,Rs./quintal
2026-04-17,Punjab,Amritsar,Soybean,3878,4248,4043,Rs./quintal
2026-04-20,Punjab,Amritsar,Soybean,4050,4400,4211,Rs./quintal
2026-04-23,Punjab,Amritsar,Soybean,3934,4443,4204,Rs./quintal
2026-04-26,Punjab,Amritsar,Soybean,3809,4270,3991,Rs./quintal
2026-04-29,Punjab,Amritsar,Soybean,4005,4606,4271,Rs./quintal
2026-05-02,Punjab,Amritsar,Soybean,3632,4253,3941,Rs./quintal
2026-05-05,Punjab,Amritsar,Soybean,3925,4319,4080,Rs./quintal
2026-05-08,Punjab,Amritsar,Soybean,3785,4277,3985,Rs./quintal
2026-05-11,Punjab,Amritsar,Soybean,3945,4319,4130,Rs./quintal
2026-05-14,Punjab,Amritsar,Soybean,3612,4051,3840,Rs./quintal
2026-05-17,Punjab,Amritsar,Soybean,3698,4227,3923,Rs./quintal
2026-05-20,Punjab,Amritsar,Soybean,3661,4054,3915,Rs./quintal
2026-05-23,Punjab,Amritsar,Soybean,3974,4458,4144,Rs./quintal
2026-05-26,Punjab,Amritsar,Soybean,3691,4223,4006,Rs./quintal
2026-05-29,Punjab,Amritsar,Soybean,3745,4336,4029,Rs./quintal
2026-06-01,Punjab,Amritsar,Soybean,3823,4318,4040,Rs./quintal
2026-06-04,Punjab,Amritsar,Soybean,3669,4079,3808,Rs./quintal
2026-06-07,Punjab,Amritsar,Soybean,3931,4272,4121,Rs./quintal
2026-06-10,Punjab,Amritsar,Soybean,3807,4302,4037,Rs./quintal
2026-06-13,Punjab,Amritsar,Soybean,3641,4260,3957,Rs./quintal
2026-06-16,Punjab,Amritsar,Soybean,3820,4160,4022,Rs./quintal
2026-06-19,Punjab,Amritsar,Soybean,3629,4155,3935,Rs./quintal
2026-06-22,Punjab,Amritsar,Soybean,3753,4247,4011,Rs./quintal
2026-06-25,Punjab,Amritsar,Soybean,3737,4052,3874,Rs./quintal
2026-06-28,Punjab,Amritsar,Soybean,3574,4003,3827,Rs./quintal
2026-07-01,Punjab,Amritsar,Soybean,3562,3991,3847,Rs./quintal
2026-07-04,Punjab,Amritsar,Soybean,3482,4013,3782,Rs./quintal
2026-07-07,Punjab,Amritsar,Soybean,3605,4059,3875,Rs./quintal
2026-07-10,Punjab,Amritsar,Soybean,3522,4047,3799,Rs./quintal
2026-07-13,Punjab,Amritsar,Soybean,3529,3913,3786,Rs./quintal
2026-07-16,Punjab,Amritsar,Soybean,3666,4117,3913,Rs./quintal
2026-07-19,Punjab,Amritsar,Soybean,3516,3964,3726,Rs./quintal
2026-07-22,Punjab,Amritsar,Soybean,3430,3908,3717,Rs./quintal
2026-07-25,Punjab,Amritsar,Soybean,3557,3968,3745,Rs./quintal
2026-07-28,Punjab,Amritsar,Soybean,3820,4243,4000,Rs./quintal
2026-07-31,Punjab,Amritsar,Soybean,3648,4046,3797,Rs./quintal
2026-02-01,Punjab,Amritsar,Onion,1393,1535,1438,Rs./quintal
2026-02-04,Punjab,Amritsar,Onion,1306,1509,1409,Rs./quintal
2026-02-07,Punjab,Amritsar,Onion,1512,1688,1603,Rs./quintal
2026-02-10,Punjab,Amritsar,Onion,1436,1583,1503,Rs./quintal
2026-02-13,Punjab,Amritsar,Onion,1219,1405,1309,Rs./quintal
2026-02-16,Punjab,Amritsar,Onion,1423,1547,1474,Rs./quintal
2026-02-19,Punjab,Amritsar,Onion,1438,1614,1509,Rs./quintal
2026-02-22,Punjab,Amritsar,Onion,1496,1637,1587,Rs./quintal
2026-02-25,Punjab,Amritsar,Onion,1325,1488,1413,Rs./quintal
2026-02-28,Punjab,Amritsar,Onion,1230,1360,1283,Rs./quintal
2026-03-03,Punjab,Amritsar,Onion,1241,1436,1341,Rs./quintal
2026-03-06,Punjab,Amritsar,Onion,1539,1747,1644,Rs./quintal
2026-03-09,Punjab,Amritsar,Onion,1554,1724,1642,Rs./quintal
2026-03-12,Punjab,Amritsar,Onion,1398,1554,1470,Rs./quintal
2026-03-15,Punjab,Amritsar,Onion,1619,1805,1724,Rs./quintal
2026-03-18,Punjab,Amritsar,Onion,1569,1766,1652,Rs./quintal
2026-03-21,Punjab,Amritsar,Onion,1420,1565,1480,Rs./quintal
2026-03-24,Punjab,Amritsar,Onion,1325,1437,1390,Rs./quintal
2026-03-27,Punjab,Amritsar,Onion,1617,1797,1704,Rs./quintal
2026-03-30,Punjab,Amritsar,Onion,1463,1641,1551,Rs./quintal
2026-04-02,Punjab,Amritsar,Onion,1629,1890,1754,Rs./quintal
2026-04-05,Punjab,Amritsar,Onion,1289,1491,1393,Rs./quintal
2026-04-08,Punjab,Amritsar,Onion,1624,1825,1730,Rs./quintal
2026-04-11,Punjab,Amritsar,Onion,1550,1796,1677,Rs./quintal
2026-04-14,Punjab,Amritsar,Onion,1724,1896,1786,Rs./quintal
2026-04-17,Punjab,Amritsar,Onion,1261,1411,1360,Rs./quintal
2026-04-20,Punjab,Amritsar,Onion,1517,1710,1615,Rs./quintal
2026-04-23,Punjab,Amritsar,Onion,1387,1521,1454,Rs./quintal
2026-04-26,Punjab,Amritsar,Onion,1578,1708,1634,Rs./quintal
2026-04-29,Punjab,Amritsar,Onion,1707,1956,1813,Rs./quintal
2026-05-02,Punjab,Amritsar,Onion,1495,1666,1617,Rs./quintal
2026-05-05,Punjab,Amritsar,Onion,1827,2014,1943,Rs./quintal
2026-05-08,Punjab,Amritsar,Onion,1493,1682,1591,Rs./quintal
2026-05-11,Punjab,Amritsar,Onion,1403,1573,1469,Rs./quintal
2026-05-14,Punjab,Amritsar,Onion,1564,1743,1624,Rs./quintal
2026-05-17,Punjab,Amritsar,Onion,1491,1639,1561,Rs./quintal
2026-05-20,Punjab,Amritsar,Onion,1505,1682,1603,Rs./quintal
2026-05-23,Punjab,Amritsar,Onion,1638,1811,1719,Rs./quintal
2026-05-26,Punjab,Amritsar,Onion,1444,1654,1537,Rs./quintal
2026-05-29,Punjab,Amritsar,Onion,1734,2018,1869,Rs./quintal
2026-06-01,Punjab,Amritsar,Onion,1751,1952,1889,Rs./quintal
2026-06-04,Punjab,Amritsar,Onion,1469,1619,1536,Rs./quintal
2026-06-07,Punjab,Amritsar,Onion,1710,1824,1764,Rs./quintal
2026-06-10,Punjab,Amritsar,Onion,1763,1973,1874,Rs./quintal
2026-06-13,Punjab,Amritsar,Onion,1856,2053,1953,Rs./quintal
2026-06-16,Punjab,Amritsar,Onion,1536,1719,1625,Rs./quintal
2026-06-19,Punjab,Amritsar,Onion,1661,1841,1771,Rs./quintal
2026-06-22,Punjab,Amritsar,Onion,1759,1988,1854,Rs./quintal
2026-06-25,Punjab,Amritsar,Onion,1565,1740,1656,Rs./quintal
2026-06-28,Punjab,Amritsar,Onion,1711,1967,1823,Rs./quintal
2026-07-01,Punjab,Amritsar,Onion,1857,2013,1944,Rs./quintal
2026-07-04,Punjab,Amritsar,Onion,1809,1965,1895,Rs./quintal
2026-07-07,Punjab,Amritsar,Onion,1975,2199,2038,Rs./quintal
2026-07-10,Punjab,Amritsar,Onion,1948,2135,2065,Rs./quintal
2026-07-13,Punjab,Amritsar,Onion,1967,2242,2128,Rs./quintal
2026-07-16,Punjab,Amritsar,Onion,1979,2113,2044,Rs./quintal
2026-07-19,Punjab,Amritsar,Onion,1903,2072,1982,Rs./quintal
2026-07-22,Punjab,Amritsar,Onion,1546,1764,1650,Rs./quintal
2026-07-25,Punjab,Amritsar,Onion,1785,1989,1888,Rs./quintal
2026-07-28,Punjab,Amritsar,Onion,1919,2198,2039,Rs./quintal
2026-07-31,Punjab,Amritsar,Onion,1940,2142,2076,Rs./quintal
2026-02-01,Punjab,Amritsar,Tomato,1316,1456,1376,Rs./quintal
2026-02-04,Punjab,Amritsar,Tomato,973,1071,1031,Rs./quintal
2026-02-07,Punjab,Amritsar,Tomato,995,1098,1026,Rs./quintal
2026-02-10,Punjab,Amritsar,Tomato,1227,1358,1313,Rs./quintal
2026-02-13,Punjab,Amritsar,Tomato,1207,1309,1254,Rs./quintal
2026-02-16,Punjab,Amritsar,Tomato,997,1145,1067,Rs./quintal
2026-02-19,Punjab,Amritsar,Tomato,933,1047,1008,Rs./quintal
2026-02-22,Punjab,Amritsar,Tomato,1203,1365,1297,Rs./quintal
2026-02-25,Punjab,Amritsar,Tomato,1311,1496,1405,Rs./quintal
2026-02-28,Punjab,Amritsar,Tomato,1193,1334,1243,Rs./quintal
2026-03-03,Punjab,Amritsar,Tomato,1170,1313,1266,Rs./quintal
2026-03-06,Punjab,Amritsar,Tomato,1470,1672,1585,Rs./quintal
2026-03-09,Punjab,Amritsar,Tomato,1550,1685,1617,Rs./quintal
2026-03-12,Punjab,Amritsar,Tomato,1255,1371,1318,Rs./quintal
2026-03-15,Punjab,Amritsar,Tomato,1384,1569,1477,Rs./quintal
2026-03-18,Punjab,Amritsar,Tomato,1379,1546,1489,Rs./quintal
2026-03-21,Punjab,Amritsar,Tomato,1212,1383,1296,Rs./quintal
2026-03-24,Punjab,Amritsar,Tomato,1408,1560,1487,Rs./quintal
2026-03-27,Punjab,Amritsar,Tomato,1380,1516,1462,Rs./quintal
2026-03-30,Punjab,Amritsar,Tomato,1428,1669,1551,Rs./quintal
2026-04-02,Punjab,Amritsar,Tomato,1363,1541,1429,Rs./quintal
2026-04-05,Punjab,Amritsar,Tomato,1444,1685,1566,Rs./quintal
2026-04-08,Punjab,Amritsar,Tomato,1489,1618,1539,Rs./quintal
2026-04-11,Punjab,Amritsar,Tomato,1640,1783,1703,Rs./quintal
2026-04-14,Punjab,Amritsar,Tomato,1224,1406,1323,Rs./quintal
2026-04-17,Punjab,Amritsar,Tomato,1337,1489,1395,Rs./quintal
2026-04-20,Punjab,Amritsar,Tomato,1515,1659,1596,Rs./quintal
2026-04-23,Punjab,Amritsar,Tomato,1302,1417,1364,Rs./quintal
2026-04-26,Punjab,Amritsar,Tomato,1418,1593,1487,Rs./quintal
2026-04-29,Punjab,Amritsar,Tomato,1086,1215,1174,Rs./quintal
2026-05-02,Punjab,Amritsar,Tomato,1436,1610,1542,Rs./quintal
2026-05-05,Punjab,Amritsar,Tomato,1273,1430,1382,Rs./quintal
2026-05-08,Punjab,Amritsar,Tomato,1765,1985,1852,Rs./quintal
2026-05-11,Punjab,Amritsar,Tomato,1770,1981,1859,Rs./quintal
2026-05-14,Punjab,Amritsar,Tomato,1286,1385,1336,Rs./quintal
2026-05-17,Punjab,Amritsar,Tomato,1615,1772,1674,Rs./quintal
2026-05-20,Punjab,Amritsar,Tomato,1804,1991,1870,Rs./quintal
2026-05-23,Punjab,Amritsar,Tomato,1340,1529,1420,Rs./quintal
2026-05-26,Punjab,Amritsar,Tomato,1607,1736,1663,Rs./quintal
2026-05-29,Punjab,Amritsar,Tomato,1477,1635,1530,Rs./quintal
2026-06-01,Punjab,Amritsar,Tomato,1467,1634,1581,Rs./quintal
2026-06-04,Punjab,Amritsar,Tomato,1775,1978,1890,Rs./quintal
2026-06-07,Punjab,Amritsar,Tomato,1357,1463,1402,Rs./quintal
2026-06-10,Punjab,Amritsar,Tomato,1569,1788,1661,Rs./quintal
2026-06-13,Punjab,Amritsar,Tomato,1651,1874,1777,Rs./quintal
2026-06-16,Punjab,Amritsar,Tomato,1398,1519,1459,Rs./quintal
2026-06-19,Punjab,Amritsar,Tomato,1737,1917,1799,Rs./quintal
2026-06-22,Punjab,Amritsar,Tomato,1323,1516,1432,Rs./quintal
2026-06-25,Punjab,Amritsar,Tomato,1444,1647,1532,Rs./quintal
2026-06-28,Punjab,Amritsar,Tomato,1393,1575,1463,Rs./quintal
2026-07-01,Punjab,Amritsar,Tomato,1828,2086,1959,Rs./quintal
2026-07-04,Punjab,Amritsar,Tomato,2026,2254,2135,Rs./quintal
2026-07-07,Punjab,Amritsar,Tomato,2041,2273,2161,Rs./quintal
2026-07-10,Punjab,Amritsar,Tomato,2005,2236,2091,Rs./quintal
2026-07-13,Punjab,Amritsar,Tomato,1718,2012,1867,Rs./quintal
2026-07-16,Punjab,Amritsar,Tomato,1955,2192,2071,Rs./quintal
2026-07-19,Punjab,Amritsar,Tomato,2024,2296,2158,Rs./quintal
2026-07-22,Punjab,Amritsar,Tomato,1680,1903,1765,Rs./quintal
2026-07-25,Punjab,Amritsar,Tomato,1455,1657,1537,Rs./quintal
2026-07-28,Punjab,Amritsar,Tomato,1442,1633,1529,Rs./quintal
2026-07-31,Punjab,Amritsar,Tomato,1808,2008,1946,Rs./quintal
2026-02-01,Maharashtra,Nashik,Wheat,1992,2242,2086,Rs./quintal
2026-02-04,Maharashtra,Nashik,Wheat,2009,2215,2142,Rs./quintal
2026-02-07,Maharashtra,Nashik,Wheat,2049,2221,2142,Rs./quintal
2026-02-10,Maharashtra,Nashik,Wheat,1994,2210,2086,Rs./quintal
2026-02-13,Maharashtra,Nashik,Wheat,1961,2245,2124,Rs./quintal
2026-02-16,Maharashtra,Nashik,Wheat,1989,2252,2101,Rs./quintal
2026-02-19,Maharashtra,Nashik,Wheat,2055,2186,2119,Rs./quintal
2026-02-22,Maharashtra,Nashik,Wheat,1984,2134,2068,Rs./quintal
2026-02-25,Maharashtra,Nashik,Wheat,1994,2208,2076,Rs./quintal
2026-02-28,Maharashtra,Nashik,Wheat,2022,2276,2120,Rs./quintal
2026-03-03,Maharashtra,Nashik,Wheat,2004,2273,2112,Rs./quintal
2026-03-06,Maharashtra,Nashik,Wheat,1944,2228,2097,Rs./quintal
2026-03-09,Maharashtra,Nashik,Wheat,2080,2223,2153,Rs./quintal
2026-03-12,Maharashtra,Nashik,Wheat,2023,2267,2183,Rs./quintal
2026-03-15,Maharashtra,Nashik,Wheat,1963,2245,2099,Rs./quintal
2026-03-18,Maharashtra,Nashik,Wheat,1997,2279,2151,Rs./quintal
2026-03-21,Maharashtra,Nashik,Wheat,2034,2319,2198,Rs./quintal
2026-03-24,Maharashtra,Nashik,Wheat,2045,2350,2196,Rs./quintal
2026-03-27,Maharashtra,Nashik,Wheat,2062,2317,2147,Rs./quintal
2026-03-30,Maharashtra,Nashik,Wheat,2041,2352,2180,Rs./quintal
2026-04-02,Maharashtra,Nashik,Wheat,2038,2357,2199,Rs./quintal
2026-04-05,Maharashtra,Nashik,Wheat,2135,2361,2228,Rs./quintal
2026-04-08,Maharashtra,Nashik,Wheat,2008,2248,2168,Rs./quintal
2026-04-11,Maharashtra,Nashik,Wheat,2080,2304,2178,Rs./quintal
2026-04-14,Maharashtra,Nashik,Wheat,2107,2251,2181,Rs./quintal
2026-04-17,Maharashtra,Nashik,Wheat,2057,2267,2137,Rs./quintal
2026-04-20,Maharashtra,Nashik,Wheat,2050,2347,2226,Rs./quintal
2026-04-23,Maharashtra,Nashik,Wheat,1973,2197,2124,Rs./quintal
2026-04-26,Maharashtra,Nashik,Wheat,2130,2321,2209,Rs./quintal
2026-04-29,Maharashtra,Nashik,Wheat,2138,2374,2230,Rs./quintal
2026-05-02,Maharashtra,Nashik,Wheat,2078,2306,2183,Rs./quintal
2026-05-05,Maharashtra,Nashik,Wheat,2137,2344,2210,Rs./quintal
2026-05-08,Maharashtra,Nashik,Wheat,2008,2280,2161,Rs./quintal
2026-05-11,Maharashtra,Nashik,Wheat,2171,2440,2282,Rs./quintal
2026-05-14,Maharashtra,Nashik,Wheat,2026,2294,2202,Rs./quintal
2026-05-17,Maharashtra,Nashik,Wheat,2055,2247,2171,Rs./quintal
2026-05-20,Maharashtra,Nashik,Wheat,2112,2330,2204,Rs./quintal
2026-05-23,Maharashtra,Nashik,Wheat,2094,2323,2185,Rs./quintal
2026-05-26,Maharashtra,Nashik,Wheat,2038,2345,2192,Rs./quintal
2026-05-29,Maharashtra,Nashik,Wheat,2176,2368,2247,Rs./quintal
2026-06-01,Maharashtra,Nashik,Wheat,2109,2283,2212,Rs./quintal
2026-06-04,Maharashtra,Nashik,Wheat,2125,2393,2275,Rs./quintal
2026-06-07,Maharashtra,Nashik,Wheat,2144,2385,2233,Rs./quintal
2026-06-10,Maharashtra,Nashik,Wheat,2100,2361,2194,Rs./quintal
2026-06-13,Maharashtra,Nashik,Wheat,2122,2332,2212,Rs./quintal
2026-06-16,Maharashtra,Nashik,Wheat,2126,2350,2204,Rs./quintal
2026-06-19,Maharashtra,Nashik,Wheat,2124,2359,2268,Rs./quintal
2026-06-22,Maharashtra,Nashik,Wheat,2134,2436,2279,Rs./quintal
2026-06-25,Maharashtra,Nashik,Wheat,2064,2381,2232,Rs./quintal
2026-06-28,Maharashtra,Nashik,Wheat,2165,2401,2306,Rs./quintal
2026-07-01,Maharashtra,Nashik,Wheat,2158,2455,2285,Rs./quintal
2026-07-04,Maharashtra,Nashik,Wheat,2166,2359,2241,Rs./quintal
2026-07-07,Maharashtra,Nashik,Wheat,2108,2424,2274,Rs./quintal
2026-07-10,Maharashtra,Nashik,Wheat,2235,2400,2307,Rs./quintal
2026-07-13,Maharashtra,Nashik,Wheat,2136,2312,2238,Rs./quintal
2026-07-16,Maharashtra,Nashik,Wheat,2155,2358,2239,Rs./quintal
2026-07-19,Maharashtra,Nashik,Wheat,2103,2411,2244,Rs./quintal
2026-07-22,Maharashtra,Nashik,Wheat,2211,2447,2304,Rs./quintal
2026-07-25,Maharashtra,Nashik,Wheat,2140,2486,2305,Rs./quintal
2026-07-28,Maharashtra,Nashik,Wheat,2161,2508,2338,Rs./quintal
2026-07-31,Maharashtra,Nashik,Wheat,2219,2424,2288,Rs./quintal
2026-02-01,Maharashtra,Nashik,Rice,2396,2672,2505,Rs./quintal
2026-02-04,Maharashtra,Nashik,Rice,2341,2647,2500,Rs./quintal
2026-02-07,Maharashtra,Nashik,Rice,2452,2679,2582,Rs./quintal
2026-02-10,Maharashtra,Nashik,Rice,2339,2743,2542,Rs./quintal
2026-02-13,Maharashtra,Nashik,Rice,2334,2643,2474,Rs./quintal
2026-02-16,Maharashtra,Nashik,Rice,2342,2608,2474,Rs./quintal
2026-02-19,Maharashtra,Nashik,Rice,2470,2705,2570,Rs./quintal
2026-02-22,Maharashtra,Nashik,Rice,2370,2577,2500,Rs./quintal
2026-02-25,Maharashtra,Nashik,Rice,2479,2656,2562,Rs./quintal
2026-02-28,Maharashtra,Nashik,Rice,2388,2594,2507,Rs./quintal
2026-03-03,Maharashtra,Nashik,Rice,2390,2721,2555,Rs./quintal
2026-03-06,Maharashtra,Nashik,Rice,2493,2685,2604,Rs./quintal
2026-03-09,Maharashtra,Nashik,Rice,2446,2740,2552,Rs./quintal
2026-03-12,Maharashtra,Nashik,Rice,2443,2670,2546,Rs./quintal
2026-03-15,Maharashtra,Nashik,Rice,2430,2739,2553,Rs./quintal
2026-03-18,Maharashtra,Nashik,Rice,2415,2620,2503,Rs./quintal
2026-03-21,Maharashtra,Nashik,Rice,2351,2607,2498,Rs./quintal
2026-03-24,Maharashtra,Nashik,Rice,2477,2797,2615,Rs./quintal
2026-03-27,Maharashtra,Nashik,Rice,2398,2787,2595,Rs./quintal
2026-03-30,Maharashtra,Nashik,Rice,2388,2788,2588,Rs./quintal
2026-04-02,Maharashtra,Nashik,Rice,2513,2699,2606,Rs./quintal
2026-04-05,Maharashtra,Nashik,Rice,2440,2690,2566,Rs./quintal
2026-04-08,Maharashtra,Nashik,Rice,2410,2627,2542,Rs./quintal
2026-04-11,Maharashtra,Nashik,Rice,2429,2817,2611,Rs./quintal
2026-04-14,Maharashtra,Nashik,Rice,2360,2688,2550,Rs./quintal
2026-04-17,Maharashtra,Nashik,Rice,2505,2846,2640,Rs./quintal
2026-04-20,Maharashtra,Nashik,Rice,2437,2651,2546,Rs./quintal
2026-04-23,Maharashtra,Nashik,Rice,2393,2728,2564,Rs./quintal
2026-04-26,Maharashtra,Nashik,Rice,2359,2676,2555,Rs./quintal
2026-04-29,Maharashtra,Nashik,Rice,2443,2675,2582,Rs./quintal
2026-05-02,Maharashtra,Nashik,Rice,2515,2786,2637,Rs./quintal
2026-05-05,Maharashtra,Nashik,Rice,2456,2763,2582,Rs./quintal
2026-05-08,Maharashtra,Nashik,Rice,2561,2872,2667,Rs./quintal
2026-05-11,Maharashtra,Nashik,Rice,2463,2688,2553,Rs./quintal
2026-05-14,Maharashtra,Nashik,Rice,2465,2668,2555,Rs./quintal
2026-05-17,Maharashtra,Nashik,Rice,2470,2786,2669,Rs./quintal
2026-05-20,Maharashtra,Nashik,Rice,2490,2829,2635,Rs./quintal
2026-05-23,Maharashtra,Nashik,Rice,2485,2729,2612,Rs./quintal
2026-05-26,Maharashtra,Nashik,Rice,2530,2769,2671,Rs./quintal
2026-05-29,Maharashtra,Nashik,Rice,2439,2750,2589,Rs./quintal
2026-06-01,Maharashtra,Nashik,Rice,2408,2800,2608,Rs./quintal
2026-06-04,Maharashtra,Nashik,Rice,2515,2762,2600,Rs./quintal
2026-06-07,Maharashtra,Nashik,Rice,2459,2787,2624,Rs./quintal
2026-06-10,Maharashtra,Nashik,Rice,2481,2782,2613,Rs./quintal
2026-06-13,Maharashtra,Nashik,Rice,2525,2801,2680,Rs./quintal
2026-06-16,Maharashtra,Nashik,Rice,2482,2687,2587,Rs./quintal
2026-06-19,Maharashtra,Nashik,Rice,2459,2809,2604,Rs./quintal
2026-06-22,Maharashtra,Nashik,Rice,2464,2798,2671,Rs./quintal
2026-06-25,Maharashtra,Nashik,Rice,2441,2830,2630,Rs./quintal
2026-06-28,Maharashtra,Nashik,Rice,2488,2872,2663,Rs./quintal
2026-07-01,Maharashtra,Nashik,Rice,2584,2878,2707,Rs./quintal
2026-07-04,Maharashtra,Nashik,Rice,2438,2700,2616,Rs./quintal
2026-07-07,Maharashtra,Nashik,Rice,2443,2750,2637,Rs./quintal
2026-07-10,Maharashtra,Nashik,Rice,2484,2703,2620,Rs./quintal
2026-07-13,Maharashtra,Nashik,Rice,2471,2765,2637,Rs./quintal
2026-07-16,Maharashtra,Nashik,Rice,2475,2787,2667,Rs./quintal
2026-07-19,Maharashtra,Nashik,Rice,2556,2867,2718,Rs./quintal
2026-07-22,Maharashtra,Nashik,Rice,2466,2735,2615,Rs./quintal
2026-07-25,Maharashtra,Nashik,Rice,2484,2801,2596,Rs./quintal
2026-07-28,Maharashtra,Nashik,Rice,2521,2781,2639,Rs./quintal
2026-07-31,Maharashtra,Nashik,Rice,2548,2842,2634,Rs./quintal
2026-02-01,Maharashtra,Nashik,Soybean,3963,4494,4179,Rs./quintal
2026-02-04,Maharashtra,Nashik,Soybean,4111,4594,4307,Rs./quintal
2026-02-07,Maharashtra,Nashik,Soybean,4176,4764,4505,Rs./quintal
2026-02-10,Maharashtra,Nashik,Soybean,3994,4555,4249,Rs./quintal
2026-02-13,Maharashtra,Nashik,Soybean,3983,4449,4308,Rs./quintal
2026-02-16,Maharashtra,Nashik,Soybean,4170,4574,4393,Rs./quintal
2026-02-19,Maharashtra,Nashik,Soybean,4221,4661,4520,Rs./quintal
2026-02-22,Maharashtra,Nashik,Soybean,4097,4624,4348,Rs./quintal
2026-02-25,Maharashtra,Nashik,Soybean,3927,4318,4153,Rs./quintal
2026-02-28,Maharashtra,Nashik,Soybean,4041,4581,4253,Rs./quintal
2026-03-03,Maharashtra,Nashik,Soybean,4144,4583,4418,Rs./quintal
2026-03-06,Maharashtra,Nashik,Soybean,4125,4609,4395,Rs./quintal
2026-03-09,Maharashtra,Nashik,Soybean,3895,4482,4154,Rs./quintal
2026-03-12,Maharashtra,Nashik,Soybean,4071,4696,4404,Rs./quintal
2026-03-15,Maharashtra,Nashik,Soybean,4093,4517,4221,Rs./quintal
2026-03-18,Maharashtra,Nashik,Soybean,3990,4481,4155,Rs./quintal
2026-03-21,Maharashtra,Nashik,Soybean,4065,4369,4213,Rs./quintal
2026-03-24,Maharashtra,Nashik,Soybean,3958,4455,4282,Rs./quintal
2026-03-27,Maharashtra,Nashik,Soybean,4079,4570,4234,Rs./quintal
2026-03-30,Maharashtra,Nashik,Soybean,3931,4336,4061,Rs./quintal
2026-04-02,Maharashtra,Nashik,Soybean,3752,4291,3989,Rs./quintal
2026-04-05,Maharashtra,Nashik,Soybean,3910,4395,4125,Rs./quintal
2026-04-08,Maharashtra,Nashik,Soybean,3954,4434,4266,Rs./quintal
2026-04-11,Maharashtra,Nashik,Soybean,3896,4243,4111,Rs./quintal
2026-04-14,Maharashtra,Nashik,Soybean,4132,4490,4296,Rs./quintal
2026-04-17,Maharashtra,Nashik,Soybean,3947,4316,4185,Rs./quintal
2026-04-20,Maharashtra,Nashik,Soybean,3689,4261,3953,Rs./quintal
2026-04-23,Maharashtra,Nashik,Soybean,4057,4569,4299,Rs./quintal
2026-04-26,Maharashtra,Nashik,Soybean,4068,4560,4324,Rs./quintal
2026-04-29,Maharashtra,Nashik,Soybean,3951,4390,4238,Rs./quintal
2026-05-02,Maharashtra,Nashik,Soybean,3865,4119,3986,Rs./quintal
2026-05-05,Maharashtra,Nashik,Soybean,3964,4420,4177,Rs./quintal
2026-05-08,Maharashtra,Nashik,Soybean,4022,4454,4227,Rs./quintal
2026-05-11,Maharashtra,Nashik,Soybean,3848,4387,4156,Rs./quintal
2026-05-14,Maharashtra,Nashik,Soybean,3953,4265,4108,Rs./quintal
2026-05-17,Maharashtra,Nashik,Soybean,3648,4185,3897,Rs./quintal
2026-05-20,Maharashtra,Nashik,Soybean,3646,4099,3928,Rs./quintal
2026-05-23,Maharashtra,Nashik,Soybean,3905,4237,4044,Rs./quintal
2026-05-26,Maharashtra,Nashik,Soybean,3777,4298,3991,Rs./quintal
2026-05-29,Maharashtra,Nashik,Soybean,3913,4243,4083,Rs./quintal
2026-06-01,Maharashtra,Nashik,Soybean,3671,4052,3833,Rs./quintal
2026-06-04,Maharashtra,Nashik,Soybean,3984,4410,4144,Rs./quintal
2026-06-07,Maharashtra,Nashik,Soybean,3737,4168,3916,Rs./quintal
2026-06-10,Maharashtra,Nashik,Soybean,3638,4107,3834,Rs./quintal
2026-06-13,Maharashtra,Nashik,Soybean,3595,3986,3801,Rs./quintal
2026-06-16,Maharashtra,Nashik,Soybean,3738,4290,3989,Rs./quintal
2026-06-19,Maharashtra,Nashik,Soybean,3560,3995,3837,Rs./quintal
2026-06-22,Maharashtra,Nashik,Soybean,3735,4106,3871,Rs./quintal
2026-06-25,Maharashtra,Nashik,Soybean,3906,4362,4128,Rs./quintal
2026-06-28,Maharashtra,Nashik,Soybean,3847,4159,4016,Rs./quintal
2026-07-01,Maharashtra,Nashik,Soybean,3603,4177,3900,Rs./quintal
2026-07-04,Maharashtra,Nashik,Soybean,3852,4267,4081,Rs./quintal
2026-07-07,Maharashtra,Nashik,Soybean,3711,4150,3862,Rs./quintal
2026-07-10,Maharashtra,Nashik,Soybean,3789,4140,3954,Rs./quintal
2026-07-13,Maharashtra,Nashik,Soybean,3684,4281,3998,Rs./quintal
2026-07-16,Maharashtra,Nashik,Soybean,3666,3948,3807,Rs./quintal
2026-07-19,Maharashtra,Nashik,Soybean,3527,3947,3808,Rs./quintal
2026-07-22,Maharashtra,Nashik,Soybean,3580,4011,3751,Rs./quintal
2026-07-25,Maharashtra,Nashik,Soybean,3595,4005,3750,Rs./quintal
2026-07-28,Maharashtra,Nashik,Soybean,3457,3996,3736,Rs./quintal
2026-07-31,Maharashtra,Nashik,Soybean,3619,4062,3921,Rs./quintal
2026-02-01,Maharashtra,Nashik,Onion,1133,1268,1188,Rs./quintal
2026-02-04,Maharashtra,Nashik,Onion,1431,1541,1481,Rs./quintal
2026-02-07,Maharashtra,Nashik,Onion,1422,1603,1530,Rs./quintal
2026-02-10,Maharashtra,Nashik,Onion,1153,1290,1198,Rs./quintal
2026-02-13,Maharashtra,Nashik,Onion,1452,1608,1549,Rs./quintal
2026-02-16,Maharashtra,Nashik,Onion,1306,1423,1366,Rs./quintal
2026-02-19,Maharashtra,Nashik,Onion,1289,1476,1394,Rs./quintal
2026-02-22,Maharashtra,Nashik,Onion,1085,1212,1166,Rs./quintal
2026-02-25,Maharashtra,Nashik,Onion,1231,1349,1276,Rs./quintal
2026-02-28,Maharashtra,Nashik,Onion,1442,1622,1559,Rs./quintal
2026-03-03,Maharashtra,Nashik,Onion,1384,1519,1449,Rs./quintal
2026-03-06,Maharashtra,Nashik,Onion,1400,1602,1486,Rs./quintal
2026-03-09,Maharashtra,Nashik,Onion,1228,1373,1309,Rs./quintal
2026-03-12,Maharashtra,Nashik,Onion,1232,1370,1323,Rs./quintal
2026-03-15,Maharashtra,Nashik,Onion,1536,1717,1658,Rs./quintal
2026-03-18,Maharashtra,Nashik,Onion,1235,1373,1289,Rs./quintal
2026-03-21,Maharashtra,Nashik,Onion,1357,1540,1472,Rs./quintal
2026-03-24,Maharashtra,Nashik,Onion,1196,1357,1280,Rs./quintal
2026-03-27,Maharashtra,Nashik,Onion,1323,1437,1366,Rs./quintal
2026-03-30,Maharashtra,Nashik,Onion,1375,1578,1471,Rs./quintal
2026-04-02,Maharashtra,Nashik,Onion,1285,1491,1391,Rs./quintal
2026-04-05,Maharashtra,Nashik,Onion,1453,1582,1523,Rs./quintal
2026-04-08,Maharashtra,Nashik,Onion,1666,1826,1764,Rs./quintal
2026-04-11,Maharashtra,Nashik,Onion,1435,1558,1506,Rs./quintal
2026-04-14,Maharashtra,Nashik,Onion,1288,1452,1370,Rs./quintal
2026-04-17,Maharashtra,Nashik,Onion,1305,1458,1351,Rs./quintal
2026-04-20,Maharashtra,Nashik,Onion,1292,1397,1334,Rs./quintal
2026-04-23,Maharashtra,Nashik,Onion,1530,1635,1578,Rs./quintal
2026-04-26,Maharashtra,Nashik,Onion,1616,1764,1690,Rs./quintal
2026-04-29,Maharashtra,Nashik,Onion,1549,1703,1632,Rs./quintal
2026-05-02,Maharashtra,Nashik,Onion,1683,1855,1767,Rs./quintal
2026-05-05,Maharashtra,Nashik,Onion,1534,1695,1614,Rs./quintal
2026-05-08,Maharashtra,Nashik,Onion,1512,1730,1619,Rs./quintal
2026-05-11,Maharashtra,Nashik,Onion,1338,1514,1435,Rs./quintal
2026-05-14,Maharashtra,Nashik,Onion,1565,1748,1689,Rs./quintal
2026-05-17,Maharashtra,Nashik,Onion,1300,1498,1408,Rs./quintal
2026-05-20,Maharashtra,Nashik,Onion,1744,1976,1857,Rs./quintal
2026-05-23,Maharashtra,Nashik,Onion,1386,1508,1457,Rs./quintal
2026-05-26,Maharashtra,Nashik,Onion,1360,1517,1420,Rs./quintal
2026-05-29,Maharashtra,Nashik,Onion,1645,1881,1769,Rs./quintal
2026-06-01,Maharashtra,Nashik,Onion,1604,1800,1719,Rs./quintal
2026-06-04,Maharashtra,Nashik,Onion,1809,2058,1910,Rs./quintal
2026-06-07,Maharashtra,Nashik,Onion,1395,1594,1482,Rs./quintal
2026-06-10,Maharashtra,Nashik,Onion,1557,1745,1664,Rs./quintal
2026-06-13,Maharashtra,Nashik,Onion,1570,1801,1703,Rs./quintal
2026-06-16,Maharashtra,Nashik,Onion,1786,2035,1910,Rs./quintal
2026-06-19,Maharashtra,Nashik,Onion,1593,1832,1719,Rs./quintal
2026-06-22,Maharashtra,Nashik,Onion,1589,1826,1717,Rs./quintal
2026-06-25,Maharashtra,Nashik,Onion,1724,1913,1807,Rs./quintal
2026-06-28,Maharashtra,Nashik,Onion,1647,1806,1711,Rs./quintal
2026-07-01,Maharashtra,Nashik,Onion,1670,1907,1768,Rs./quintal
2026-07-04,Maharashtra,Nashik,Onion,1773,2040,1891,Rs./quintal
2026-07-07,Maharashtra,Nashik,Onion,1593,1785,1729,Rs./quintal
2026-07-10,Maharashtra,Nashik,Onion,1886,2147,2012,Rs./quintal
2026-07-13,Maharashtra,Nashik,Onion,1512,1642,1568,Rs./quintal
2026-07-16,Maharashtra,Nashik,Onion,1506,1684,1607,Rs./quintal
2026-07-19,Maharashtra,Nashik,Onion,1664,1820,1746,Rs./quintal
2026-07-22,Maharashtra,Nashik,Onion,1812,2052,1908,Rs./quintal
2026-07-25,Maharashtra,Nashik,Onion,1486,1663,1589,Rs./quintal
2026-07-28,Maharashtra,Nashik,Onion,1464,1647,1564,Rs./quintal
2026-07-31,Maharashtra,Nashik,Onion,1921,2178,2026,Rs./quintal
2026-02-01,Maharashtra,Nashik,Tomato,1200,1364,1264,Rs./quintal
2026-02-04,Maharashtra,Nashik,Tomato,1048,1180,1115,Rs./quintal
2026-02-07,Maharashtra,Nashik,Tomato,1218,1401,1317,Rs./quintal
2026-02-10,Maharashtra,Nashik,Tomato,1035,1170,1095,Rs./quintal
2026-02-13,Maharashtra,Nashik,Tomato,1043,1150,1097,Rs./quintal
2026-02-16,Maharashtra,Nashik,Tomato,1079,1225,1142,Rs./quintal
2026-02-19,Maharashtra,Nashik,Tomato,1257,1381,1307,Rs./quintal
2026-02-22,Maharashtra,Nashik,Tomato,989,1158,1072,Rs./quintal
2026-02-25,Maharashtra,Nashik,Tomato,1049,1202,1126,Rs./quintal
2026-02-28,Maharashtra,Nashik,Tomato,944,1015,981,Rs./quintal
2026-03-03,Maharashtra,Nashik,Tomato,1092,1266,1183,Rs./quintal
2026-03-06,Maharashtra,Nashik,Tomato,1166,1340,1253,Rs./quintal
2026-03-09,Maharashtra,Nashik,Tomato,1255,1436,1342,Rs./quintal
2026-03-12,Maharashtra,Nashik,Tomato,1167,1281,1232,Rs./quintal
2026-03-15,Maharashtra,Nashik,Tomato,1157,1280,1216,Rs./quintal
2026-03-18,Maharashtra,Nashik,Tomato,1300,1442,1399,Rs./quintal
2026-03-21,Maharashtra,Nashik,Tomato,1319,1450,1369,Rs./quintal
2026-03-24,Maharashtra,Nashik,Tomato,1084,1195,1120,Rs./quintal
2026-03-27,Maharashtra,Nashik,Tomato,1208,1320,1249,Rs./quintal
2026-03-30,Maharashtra,Nashik,Tomato,1269,1392,1324,Rs./quintal
2026-04-02,Maharashtra,Nashik,Tomato,1335,1482,1403,Rs./quintal
2026-04-05,Maharashtra,Nashik,Tomato,1199,1342,1293,Rs./quintal
2026-04-08,Maharashtra,Nashik,Tomato,1373,1544,1468,Rs./quintal
2026-04-11,Maharashtra,Nashik,Tomato,1219,1310,1268,Rs./quintal
2026-04-14,Maharashtra,Nashik,Tomato,1133,1291,1205,Rs./quintal
2026-04-17,Maharashtra,Nashik,Tomato,1350,1534,1447,Rs./quintal
2026-04-20,Maharashtra,Nashik,Tomato,1218,1368,1316,Rs./quintal
2026-04-23,Maharashtra,Nashik,Tomato,1181,1293,1228,Rs./quintal
2026-04-26,Maharashtra,Nashik,Tomato,1319,1487,1400,Rs./quintal
2026-04-29,Maharashtra,Nashik,Tomato,1034,1155,1114,Rs./quintal
2026-05-02,Maharashtra,Nashik,Tomato,1281,1418,1334,Rs./quintal
2026-05-05,Maharashtra,Nashik,Tomato,1237,1385,1285,Rs./quintal
2026-05-08,Maharashtra,Nashik,Tomato,1352,1575,1468,Rs./quintal
2026-05-11,Maharashtra,Nashik,Tomato,1170,1321,1231,Rs./quintal
2026-05-14,Maharashtra,Nashik,Tomato,1611,1796,1713,Rs./quintal
2026-05-17,Maharashtra,Nashik,Tomato,1451,1690,1569,Rs./quintal
2026-05-20,Maharashtra,Nashik,Tomato,1492,1666,1609,Rs./quintal
2026-05-23,Maharashtra,Nashik,Tomato,1561,1706,1615,Rs./quintal
2026-05-26,Maharashtra,Nashik,Tomato,1617,1799,1671,Rs./quintal
2026-05-29,Maharashtra,Nashik,Tomato,1282,1386,1330,Rs./quintal
2026-06-01,Maharashtra,Nashik,Tomato,1300,1417,1354,Rs./quintal
2026-06-04,Maharashtra,Nashik,Tomato,1548,1759,1648,Rs./quintal
2026-06-07,Maharashtra,Nashik,Tomato,1342,1479,1426,Rs./quintal
2026-06-10,Maharashtra,Nashik,Tomato,1343,1459,1387,Rs./quintal
2026-06-13,Maharashtra,Nashik,Tomato,1365,1516,1438,Rs./quintal
2026-06-16,Maharashtra,Nashik,Tomato,1466,1584,1515,Rs./quintal
2026-06-19,Maharashtra,Nashik,Tomato,1475,1667,1546,Rs./quintal
2026-06-22,Maharashtra,Nashik,Tomato,1775,1924,1836,Rs./quintal
2026-06-25,Maharashtra,Nashik,Tomato,1665,1786,1732,Rs./quintal
2026-06-28,Maharashtra,Nashik,Tomato,1798,2028,1892,Rs./quintal
2026-07-01,Maharashtra,Nashik,Tomato,1774,1952,1834,Rs./quintal
2026-07-04,Maharashtra,Nashik,Tomato,1790,2032,1921,Rs./quintal
2026-07-07,Maharashtra,Nashik,Tomato,1540,1668,1591,Rs./quintal
2026-07-10,Maharashtra,Nashik,Tomato,1794,2079,1937,Rs./quintal
2026-07-13,Maharashtra,Nashik,Tomato,1849,2117,1968,Rs./quintal
2026-07-16,Maharashtra,Nashik,Tomato,1597,1718,1648,Rs./quintal
2026-07-19,Maharashtra,Nashik,Tomato,1384,1500,1440,Rs./quintal
2026-07-22,Maharashtra,Nashik,Tomato,1469,1638,1523,Rs./quintal
2026-07-25,Maharashtra,Nashik,Tomato,1748,1937,1813,Rs./quintal
2026-07-28,Maharashtra,Nashik,Tomato,1527,1778,1657,Rs./quintal
2026-07-31,Maharashtra,Nashik,Tomato,1881,2049,1945,Rs./quintal
2026-02-01,Maharashtra,Pune,Wheat,2079,2336,2175,Rs./quintal
2026-02-04,Maharashtra,Pune,Wheat,2088,2313,2172,Rs./quintal
2026-02-07,Maharashtra,Pune,Wheat,1999,2260,2132,Rs./quintal
2026-02-10,Maharashtra,Pune,Wheat,2077,2285,2171,Rs./quintal
2026-02-13,Maharashtra,Pune,Wheat,1911,2200,2071,Rs./quintal
2026-02-16,Maharashtra,Pune,Wheat,2061,2227,2148,Rs./quintal
2026-02-19,Maharashtra,Pune,Wheat,2016,2216,2119,Rs./quintal
2026-02-22,Maharashtra,Pune,Wheat,1928,2194,2078,Rs./quintal
2026-02-25,Maharashtra,Pune,Wheat,2107,2340,2191,Rs./quintal
2026-02-28,Maharashtra,Pune,Wheat,2077,2328,2176,Rs./quintal
2026-03-03,Maharashtra,Pune,Wheat,2020,2283,2140,Rs./quintal
2026-03-06,Maharashtra,Pune,Wheat,2035,2284,2132,Rs./quintal
2026-03-09,Maharashtra,Pune,Wheat,2048,2314,2202,Rs./quintal
2026-03-12,Maharashtra,Pune,Wheat,2045,2286,2122,Rs./quintal
2026-03-15,Maharashtra,Pune,Wheat,2061,2384,2213,Rs./quintal
2026-03-18,Maharashtra,Pune,Wheat,2112,2354,2218,Rs./quintal
2026-03-21,Maharashtra,Pune,Wheat,2147,2304,2216,Rs./quintal
2026-03-24,Maharashtra,Pune,Wheat,2032,2299,2189,Rs./quintal
2026-03-27,Maharashtra,Pune,Wheat,2010,2228,2154,Rs./quintal
2026-03-30,Maharashtra,Pune,Wheat,2076,2223,2146,Rs./quintal
2026-04-02,Maharashtra,Pune,Wheat,2095,2394,2225,Rs./quintal
2026-04-05,Maharashtra,Pune,Wheat,2089,2269,2190,Rs./quintal
2026-04-08,Maharashtra,Pune,Wheat,2067,2387,2224,Rs./quintal
2026-04-11,Maharashtra,Pune,Wheat,2087,2355,2233,Rs./quintal
2026-04-14,Maharashtra,Pune,Wheat,2067,2276,2147,Rs./quintal
2026-04-17,Maharashtra,Pune,Wheat,2112,2405,2261,Rs./quintal
2026-04-20,Maharashtra,Pune,Wheat,2055,2266,2185,Rs./quintal
2026-04-23,Maharashtra,Pune,Wheat,2023,2300,2168,Rs./quintal
2026-04-26,Maharashtra,Pune,Wheat,2111,2393,2249,Rs./quintal
2026-04-29,Maharashtra,Pune,Wheat,2016,2270,2190,Rs./quintal
2026-05-02,Maharashtra,Pune,Wheat,2105,2347,2205,Rs./quintal
2026-05-05,Maharashtra,Pune,Wheat,2156,2408,2257,Rs./quintal
2026-05-08,Maharashtra,Pune,Wheat,2031,2268,2196,Rs./quintal
2026-05-11,Maharashtra,Pune,Wheat,2055,2372,2206,Rs./quintal
2026-05-14,Maharashtra,Pune,Wheat,2219,2475,2295,Rs./quintal
2026-05-17,Maharashtra,Pune,Wheat,2147,2314,2242,Rs./quintal
2026-05-20,Maharashtra,Pune,Wheat,2088,2295,2196,Rs./quintal
2026-05-23,Maharashtra,Pune,Wheat,2079,2389,2215,Rs./quintal
2026-05-26,Maharashtra,Pune,Wheat,2123,2333,2237,Rs./quintal
2026-05-29,Maharashtra,Pune,Wheat,2154,2394,2229,Rs./quintal
2026-06-01,Maharashtra,Pune,Wheat,2070,2337,2212,Rs./quintal
2026-06-04,Maharashtra,Pune,Wheat,2049,2284,2213,Rs./quintal
2026-06-07,Maharashtra,Pune,Wheat,2131,2371,2212,Rs./quintal
2026-06-10,Maharashtra,Pune,Wheat,2219,2397,2296,Rs./quintal
2026-06-13,Maharashtra,Pune,Wheat,2199,2470,2313,Rs./quintal
2026-06-16,Maharashtra,Pune,Wheat,2087,2396,2230,Rs./quintal
2026-06-19,Maharashtra,Pune,Wheat,2169,2390,2237,Rs./quintal
2026-06-22,Maharashtra,Pune,Wheat,2132,2354,2215,Rs./quintal
2026-06-25,Maharashtra,Pune,Wheat,2125,2389,2303,Rs./quintal
2026-06-28,Maharashtra,Pune,Wheat,2051,2321,2225,Rs./quintal
2026-07-01,Maharashtra,Pune,Wheat,2189,2509,2324,Rs./quintal
2026-07-04,Maharashtra,Pune,Wheat,2171,2468,2355,Rs./quintal
2026-07-07,Maharashtra,Pune,Wheat,2195,2452,2325,Rs./quintal
2026-07-10,Maharashtra,Pune,Wheat,2258,2429,2344,Rs./quintal
2026-07-13,Maharashtra,Pune,Wheat,2158,2327,2240,Rs./quintal
2026-07-16,Maharashtra,Pune,Wheat,2127,2348,2250,Rs./quintal
2026-07-19,Maharashtra,Pune,Wheat,2231,2489,2350,Rs./quintal
2026-07-22,Maharashtra,Pune,Wheat,2234,2499,2361,Rs./quintal
2026-07-25,Maharashtra,Pune,Wheat,2110,2440,2284,Rs./quintal
2026-07-28,Maharashtra,Pune,Wheat,2237,2393,2320,Rs./quintal
2026-07-31,Maharashtra,Pune,Wheat,2214,2436,2321,Rs./quintal
2026-02-01,Maharashtra,Pune,Rice,2432,2623,2528,Rs./quintal
2026-02-04,Maharashtra,Pune,Rice,2327,2572,2420,Rs./quintal
2026-02-07,Maharashtra,Pune,Rice,2386,2613,2466,Rs./quintal
2026-02-10,Maharashtra,Pune,Rice,2335,2562,2411,Rs./quintal
2026-02-13,Maharashtra,Pune,Rice,2367,2696,2528,Rs./quintal
2026-02-16,Maharashtra,Pune,Rice,2421,2647,2501,Rs./quintal
2026-02-19,Maharashtra,Pune,Rice,2247,2587,2436,Rs./quintal
2026-02-22,Maharashtra,Pune,Rice,2261,2532,2450,Rs./quintal
2026-02-25,Maharashtra,Pune,Rice,2374,2654,2528,Rs./quintal
2026-02-28,Maharashtra,Pune,Rice,2355,2610,2432,Rs./quintal
2026-03-03,Maharashtra,Pune,Rice,2355,2539,2446,Rs./quintal
2026-03-06,Maharashtra,Pune,Rice,2366,2703,2532,Rs./quintal
2026-03-09,Maharashtra,Pune,Rice,2330,2653,2516,Rs./quintal
2026-03-12,Maharashtra,Pune,Rice,2389,2601,2488,Rs./quintal
2026-03-15,Maharashtra,Pune,Rice,2335,2679,2520,Rs./quintal
2026-03-18,Maharashtra,Pune,Rice,2400,2676,2538,Rs./quintal
2026-03-21,Maharashtra,Pune,Rice,2402,2693,2545,Rs./quintal
2026-03-24,Maharashtra,Pune,Rice,2382,2662,2487,Rs./quintal
2026-03-27,Maharashtra,Pune,Rice,2365,2640,2511,Rs./quintal
2026-03-30,Maharashtra,Pune,Rice,2286,2569,2439,Rs./quintal
2026-04-02,Maharashtra,Pune,Rice,2373,2581,2487,Rs./quintal
2026-04-05,Maharashtra,Pune,Rice,2399,2663,2521,Rs./quintal
2026-04-08,Maharashtra,Pune,Rice,2350,2683,2495,Rs./quintal
2026-04-11,Maharashtra,Pune,Rice,2336,2611,2519,Rs./quintal
2026-04-14,Maharashtra,Pune,Rice,2475,2717,2573,Rs./quintal
2026-04-17,Maharashtra,Pune,Rice,2302,2580,2496,Rs./quintal
2026-04-20,Maharashtra,Pune,Rice,2280,2590,2464,Rs./quintal
2026-04-23,Maharashtra,Pune,Rice,2355,2615,2471,Rs./quintal
2026-04-26,Maharashtra,Pune,Rice,2323,2576,2491,Rs./quintal
2026-04-29,Maharashtra,Pune,Rice,2335,2681,2522,Rs./quintal
2026-05-02,Maharashtra,Pune,Rice,2328,2630,2506,Rs./quintal
2026-05-05,Maharashtra,Pune,Rice,2404,2606,2494,Rs./quintal
2026-05-08,Maharashtra,Pune,Rice,2412,2720,2558,Rs./quintal
2026-05-11,Maharashtra,Pune,Rice,2392,2764,2563,Rs./quintal
2026-05-14,Maharashtra,Pune,Rice,2411,2696,2594,Rs./quintal
2026-05-17,Maharashtra,Pune,Rice,2451,2769,2579,Rs./quintal
2026-05-20,Maharashtra,Pune,Rice,2364,2573,2497,Rs./quintal
2026-05-23,Maharashtra,Pune,Rice,2320,2633,2498,Rs./quintal
2026-05-26,Maharashtra,Pune,Rice,2477,2772,2571,Rs./quintal
2026-05-29,Maharashtra,Pune,Rice,2418,2716,2560,Rs./quintal
2026-06-01,Maharashtra,Pune,Rice,2470,2801,2633,Rs./quintal
2026-06-04,Maharashtra,Pune,Rice,2441,2714,2597,Rs./quintal
2026-06-07,Maharashtra,Pune,Rice,2324,2614,2524,Rs./quintal
2026-06-10,Maharashtra,Pune,Rice,2431,2693,2510,Rs./quintal
2026-06-13,Maharashtra,Pune,Rice,2414,2693,2535,Rs./quintal
2026-06-16,Maharashtra,Pune,Rice,2439,2742,2564,Rs./quintal
2026-06-19,Maharashtra,Pune,Rice,2368,2668,2533,Rs./quintal
2026-06-22,Maharashtra,Pune,Rice,2366,2667,2569,Rs./quintal
2026-06-25,Maharashtra,Pune,Rice,2415,2726,2528,Rs./quintal
2026-06-28,Maharashtra,Pune,Rice,2474,2721,2569,Rs./quintal
2026-07-01,Maharashtra,Pune,Rice,2427,2742,2559,Rs./quintal
2026-07-04,Maharashtra,Pune,Rice,2338,2696,2540,Rs./quintal
2026-07-07,Maharashtra,Pune,Rice,2545,2816,2626,Rs./quintal
2026-07-10,Maharashtra,Pune,Rice,2497,2781,2629,Rs./quintal
2026-07-13,Maharashtra,Pune,Rice,2428,2711,2571,Rs./quintal
2026-07-16,Maharashtra,Pune,Rice,2481,2777,2610,Rs./quintal
2026-07-19,Maharashtra,Pune,Rice,2492,2812,2639,Rs./quintal
2026-07-22,Maharashtra,Pune,Rice,2449,2721,2602,Rs./quintal
2026-07-25,Maharashtra,Pune,Rice,2452,2671,2542,Rs./quintal
2026-07-28,Maharashtra,Pune,Rice,2452,2795,2595,Rs./quintal
2026-07-31,Maharashtra,Pune,Rice,2462,2658,2578,Rs./quintal
2026-02-01,Maharashtra,Pune,Soybean,3823,4249,4079,Rs./quintal
2026-02-04,Maharashtra,Pune,Soybean,3950,4283,4091,Rs./quintal
2026-02-07,Maharashtra,Pune,Soybean,4091,4519,4252,Rs./quintal
2026-02-10,Maharashtra,Pune,Soybean,3789,4320,4054,Rs./quintal
2026-02-13,Maharashtra,Pune,Soybean,4233,4682,4402,Rs./quintal
2026-02-16,Maharashtra,Pune,Soybean,4135,4610,4308,Rs./quintal
2026-02-19,Maharashtra,Pune,Soybean,4141,4546,4354,Rs./quintal
2026-02-22,Maharashtra,Pune,Soybean,4113,4471,4314,Rs./quintal
2026-02-25,Maharashtra,Pune,Soybean,3879,4225,4082,Rs./quintal
2026-02-28,Maharashtra,Pune,Soybean,4047,4362,4173,Rs./quintal
2026-03-03,Maharashtra,Pune,Soybean,3694,4129,4005,Rs./quintal
2026-03-06,Maharashtra,Pune,Soybean,4016,4444,4282,Rs./quintal
2026-03-09,Maharashtra,Pune,Soybean,4110,4395,4260,Rs./quintal
2026-03-12,Maharashtra,Pune,Soybean,3714,4185,3945,Rs./quintal
2026-03-15,Maharashtra,Pune,Soybean,3695,4138,3968,Rs./quintal
2026-03-18,Maharashtra,Pune,Soybean,3806,4190,4059,Rs./quintal
2026-03-21,Maharashtra,Pune,Soybean,3995,4441,4280,Rs./quintal
2026-03-24,Maharashtra,Pune,Soybean,3975,4470,4203,Rs./quintal
2026-03-27,Maharashtra,Pune,Soybean,4068,4428,4210,Rs./quintal
2026-03-30,Maharashtra,Pune,Soybean,3951,4253,4107,Rs./quintal
2026-04-02,Maharashtra,Pune,Soybean,3691,4151,3883,Rs./quintal
2026-04-05,Maharashtra,Pune,Soybean,4059,4359,4223,Rs./quintal
2026-04-08,Maharashtra,Pune,Soybean,3695,4169,3883,Rs./quintal
2026-04-11,Maharashtra,Pune,Soybean,3904,4396,4208,Rs./quintal
2026-04-14,Maharashtra,Pune,Soybean,3799,4287,4019,Rs./quintal
2026-04-17,Maharashtra,Pune,Soybean,3695,4061,3880,Rs./quintal
2026-04-20,Maharashtra,Pune,Soybean,3750,4098,3896,Rs./quintal
2026-04-23,Maharashtra,Pune,Soybean,3841,4177,4008,Rs./quintal
2026-04-26,Maharashtra,Pune,Soybean,3905,4397,4167,Rs./quintal
2026-04-29,Maharashtra,Pune,Soybean,3637,4138,3875,Rs./quintal
2026-05-02,Maharashtra,Pune,Soybean,3723,4053,3906,Rs./quintal
2026-05-05,Maharashtra,Pune,Soybean,3823,4230,4062,Rs./quintal
2026-05-08,Maharashtra,Pune,Soybean,3839,4287,4081,Rs./quintal
2026-05-11,Maharashtra,Pune,Soybean,3798,4220,3945,Rs./quintal
2026-05-14,Maharashtra,Pune,Soybean,3600,4053,3907,Rs./quintal
2026-05-17,Maharashtra,Pune,Soybean,3617,4058,3767,Rs./quintal
2026-05-20,Maharashtra,Pune,Soybean,3553,4097,3797,Rs./quintal
2026-05-23,Maharashtra,Pune,Soybean,3534,4088,3828,Rs./quintal
2026-05-26,Maharashtra,Pune,Soybean,3832,4327,4025,Rs./quintal
2026-05-29,Maharashtra,Pune,Soybean,3603,4035,3786,Rs./quintal
2026-06-01,Maharashtra,Pune,Soybean,3731,4121,3944,Rs./quintal
2026-06-04,Maharashtra,Pune,Soybean,3667,4066,3844,Rs./quintal
2026-06-07,Maharashtra,Pune,Soybean,3643,4093,3806,Rs./quintal
2026-06-10,Maharashtra,Pune,Soybean,3447,3899,3691,Rs./quintal
2026-06-13,Maharashtra,Pune,Soybean,3863,4257,4045,Rs./quintal
2026-06-16,Maharashtra,Pune,Soybean,3569,4030,3768,Rs./quintal
2026-06-19,Maharashtra,Pune,Soybean,3763,4234,3941,Rs./quintal
2026-06-22,Maharashtra,Pune,Soybean,3752,4150,3991,Rs./quintal
2026-06-25,Maharashtra,Pune,Soybean,3508,3983,3805,Rs./quintal
2026-06-28,Maharashtra,Pune,Soybean,3798,4113,3969,Rs./quintal
2026-07-01,Maharashtra,Pune,Soybean,3729,4130,3992,Rs./quintal
2026-07-04,Maharashtra,Pune,Soybean,3618,4083,3824,Rs./quintal
2026-07-07,Maharashtra,Pune,Soybean,3386,3932,3675,Rs./quintal
2026-07-10,Maharashtra,Pune,Soybean,3579,4104,3840,Rs./quintal
2026-07-13,Maharashtra,Pune,Soybean,3772,4029,3891,Rs./quintal
2026-07-16,Maharashtra,Pune,Soybean,3414,3860,3637,Rs./quintal
2026-07-19,Maharashtra,Pune,Soybean,3458,3983,3749,Rs./quintal
2026-07-22,Maharashtra,Pune,Soybean,3424,3907,3662,Rs./quintal
2026-07-25,Maharashtra,Pune,Soybean,3670,4053,3787,Rs./quintal
2026-07-28,Maharashtra,Pune,Soybean,3785,4289,3991,Rs./quintal
2026-07-31,Maharashtra,Pune,Soybean,3647,4083,3853,Rs./quintal
2026-02-01,Maharashtra,Pune,Onion,1237,1375,1290,Rs./quintal
2026-02-04,Maharashtra,Pune,Onion,1386,1531,1450,Rs./quintal
2026-02-07,Maharashtra,Pune,Onion,1194,1350,1275,Rs./quintal
2026-02-10,Maharashtra,Pune,Onion,1419,1566,1513,Rs./quintal
2026-02-13,Maharashtra,Pune,Onion,1410,1517,1467,Rs./quintal
2026-02-16,Maharashtra,Pune,Onion,1155,1262,1198,Rs./quintal
2026-02-19,Maharashtra,Pune,Onion,1273,1433,1357,Rs./quintal
2026-02-22,Maharashtra,Pune,Onion,1339,1486,1416,Rs./quintal
2026-02-25,Maharashtra,Pune,Onion,1210,1347,1281,Rs./quintal
2026-02-28,Maharashtra,Pune,Onion,1309,1428,1354,Rs./quintal
2026-03-03,Maharashtra,Pune,Onion,1604,1731,1669,Rs./quintal
2026-03-06,Maharashtra,Pune,Onion,1240,1345,1298,Rs./quintal
2026-03-09,Maharashtra,Pune,Onion,1494,1607,1551,Rs./quintal
2026-03-12,Maharashtra,Pune,Onion,1261,1426,1336,Rs./quintal
2026-03-15,Maharashtra,Pune,Onion,1555,1786,1657,Rs./quintal
2026-03-18,Maharashtra,Pune,Onion,1416,1560,1506,Rs./quintal
2026-03-21,Maharashtra,Pune,Onion,1377,1549,1493,Rs./quintal
2026-03-24,Maharashtra,Pune,Onion,1362,1468,1405,Rs./quintal
2026-03-27,Maharashtra,Pune,Onion,1397,1510,1456,Rs./quintal
2026-03-30,Maharashtra,Pune,Onion,1385,1613,1501,Rs./quintal
2026-04-02,Maharashtra,Pune,Onion,1610,1853,1730,Rs./quintal
2026-04-05,Maharashtra,Pune,Onion,1430,1617,1544,Rs./quintal
2026-04-08,Maharashtra,Pune,Onion,1620,1823,1722,Rs./quintal
2026-04-11,Maharashtra,Pune,Onion,1525,1689,1580,Rs./quintal
2026-04-14,Maharashtra,Pune,Onion,1470,1631,1538,Rs./quintal
2026-04-17,Maharashtra,Pune,Onion,1579,1760,1671,Rs./quintal
2026-04-20,Maharashtra,Pune,Onion,1438,1638,1526,Rs./quintal
2026-04-23,Maharashtra,Pune,Onion,1409,1561,1468,Rs./quintal
2026-04-26,Maharashtra,Pune,Onion,1404,1582,1507,Rs./quintal
2026-04-29,Maharashtra,Pune,Onion,1519,1686,1569,Rs./quintal
2026-05-02,Maharashtra,Pune,Onion,1675,1888,1759,Rs./quintal
2026-05-05,Maharashtra,Pune,Onion,1655,1867,1745,Rs./quintal
2026-05-08,Maharashtra,Pune,Onion,1654,1808,1745,Rs./quintal
2026-05-11,Maharashtra,Pune,Onion,1554,1774,1672,Rs./quintal
2026-05-14,Maharashtra,Pune,Onion,1550,1778,1680,Rs./quintal
2026-05-17,Maharashtra,Pune,Onion,1405,1600,1489,Rs./quintal
2026-05-20,Maharashtra,Pune,Onion,1407,1512,1455,Rs./quintal
2026-05-23,Maharashtra,Pune,Onion,1348,1464,1405,Rs./quintal
2026-05-26,Maharashtra,Pune,Onion,1682,1835,1744,Rs./quintal
2026-05-29,Maharashtra,Pune,Onion,1705,1884,1794,Rs./quintal
2026-06-01,Maharashtra,Pune,Onion,1448,1550,1503,Rs./quintal
2026-06-04,Maharashtra,Pune,Onion,1607,1833,1708,Rs./quintal
2026-06-07,Maharashtra,Pune,Onion,1535,1705,1646,Rs./quintal
2026-06-10,Maharashtra,Pune,Onion,1422,1589,1532,Rs./quintal
2026-06-13,Maharashtra,Pune,Onion,1491,1686,1613,Rs./quintal
2026-06-16,Maharashtra,Pune,Onion,1572,1796,1693,Rs./quintal
2026-06-19,Maharashtra,Pune,Onion,1520,1704,1650,Rs./quintal
2026-06-22,Maharashtra,Pune,Onion,1576,1769,1684,Rs./quintal
2026-06-25,Maharashtra,Pune,Onion,1548,1767,1649,Rs./quintal
2026-06-28,Maharashtra,Pune,Onion,1435,1647,1543,Rs./quintal
2026-07-01,Maharashtra,Pune,Onion,1788,2021,1893,Rs./quintal
2026-07-04,Maharashtra,Pune,Onion,1650,1841,1782,Rs./quintal
2026-07-07,Maharashtra,Pune,Onion,1717,1925,1826,Rs./quintal
2026-07-10,Maharashtra,Pune,Onion,1671,1927,1794,Rs./quintal
2026-07-13,Maharashtra,Pune,Onion,1663,1828,1718,Rs./quintal
2026-07-16,Maharashtra,Pune,Onion,1616,1823,1705,Rs./quintal
2026-07-19,Maharashtra,Pune,Onion,1633,1796,1737,Rs./quintal
2026-07-22,Maharashtra,Pune,Onion,1787,2072,1921,Rs./quintal
2026-07-25,Maharashtra,Pune,Onion,1720,1898,1775,Rs./quintal
2026-07-28,Maharashtra,Pune,Onion,1756,2007,1866,Rs./quintal
2026-07-31,Maharashtra,Pune,Onion,1674,1916,1819,Rs./quintal
2026-02-01,Maharashtra,Pune,Tomato,1099,1169,1135,Rs./quintal
2026-02-04,Maharashtra,Pune,Tomato,1373,1541,1454,Rs./quintal
2026-02-07,Maharashtra,Pune,Tomato,1322,1475,1408,Rs./quintal
2026-02-10,Maharashtra,Pune,Tomato,1239,1377,1305,Rs./quintal
2026-02-13,Maharashtra,Pune,Tomato,970,1073,1014,Rs./quintal
2026-02-16,Maharashtra,Pune,Tomato,1072,1182,1141,Rs./quintal
2026-02-19,Maharashtra,Pune,Tomato,1006,1108,1061,Rs./quintal
2026-02-22,Maharashtra,Pune,Tomato,1146,1300,1206,Rs./quintal
2026-02-25,Maharashtra,Pune,Tomato,1096,1203,1149,Rs./quintal
2026-02-28,Maharashtra,Pune,Tomato,1074,1180,1121,Rs./quintal
2026-03-03,Maharashtra,Pune,Tomato,1166,1260,1203,Rs./quintal
2026-03-06,Maharashtra,Pune,Tomato,1251,1358,1317,Rs./quintal
2026-03-09,Maharashtra,Pune,Tomato,1372,1484,1441,Rs./quintal
2026-03-12,Maharashtra,Pune,Tomato,1280,1410,1326,Rs./quintal
2026-03-15,Maharashtra,Pune,Tomato,1246,1376,1292,Rs./quintal
2026-03-18,Maharashtra,Pune,Tomato,1400,1582,1479,Rs./quintal
2026-03-21,Maharashtra,Pune,Tomato,1311,1464,1419,Rs./quintal
2026-03-24,Maharashtra,Pune,Tomato,1447,1613,1517,Rs./quintal
2026-03-27,Maharashtra,Pune,Tomato,1210,1350,1260,Rs./quintal
2026-03-30,Maharashtra,Pune,Tomato,1173,1349,1263,Rs./quintal
2026-04-02,Maharashtra,Pune,Tomato,1436,1643,1560,Rs./quintal
2026-04-05,Maharashtra,Pune,Tomato,1600,1768,1698,Rs./quintal
2026-04-08,Maharashtra,Pune,Tomato,1091,1257,1168,Rs./quintal
2026-04-11,Maharashtra,Pune,Tomato,1261,1447,1364,Rs./quintal
2026-04-14,Maharashtra,Pune,Tomato,1273,1388,1332,Rs./quintal
2026-04-17,Maharashtra,Pune,Tomato,1353,1506,1442,Rs./quintal
2026-04-20,Maharashtra,Pune,Tomato,1605,1748,1680,Rs./quintal
2026-04-23,Maharashtra,Pune,Tomato,1221,1333,1270,Rs./quintal
2026-04-26,Maharashtra,Pune,Tomato,1574,1751,1660,Rs./quintal
2026-04-29,Maharashtra,Pune,Tomato,1407,1562,1476,Rs./quintal
2026-05-02,Maharashtra,Pune,Tomato,1588,1731,1675,Rs./quintal
2026-05-05,Maharashtra,Pune,Tomato,1227,1386,1329,Rs./quintal
2026-05-08,Maharashtra,Pune,Tomato,1495,1695,1605,Rs./quintal
2026-05-11,Maharashtra,Pune,Tomato,1616,1849,1738,Rs./quintal
2026-05-14,Maharashtra,Pune,Tomato,1784,1975,1869,Rs./quintal
2026-05-17,Maharashtra,Pune,Tomato,1334,1481,1407,Rs./quintal
2026-05-20,Maharashtra,Pune,Tomato,1747,1977,1835,Rs./quintal
2026-05-23,Maharashtra,Pune,Tomato,1240,1348,1282,Rs./quintal
2026-05-26,Maharashtra,Pune,Tomato,1747,1991,1871,Rs./quintal
2026-05-29,Maharashtra,Pune,Tomato,1446,1646,1541,Rs./quintal
2026-06-01,Maharashtra,Pune,Tomato,1811,2030,1945,Rs./quintal
2026-06-04,Maharashtra,Pune,Tomato,1538,1681,1632,Rs./quintal
2026-06-07,Maharashtra,Pune,Tomato,1368,1567,1480,Rs./quintal
2026-06-10,Maharashtra,Pune,Tomato,1307,1474,1366,Rs./quintal
2026-06-13,Maharashtra,Pune,Tomato,1510,1704,1635,Rs./quintal
2026-06-16,Maharashtra,Pune,Tomato,1366,1549,1460,Rs./quintal
2026-06-19,Maharashtra,Pune,Tomato,1335,1514,1414,Rs./quintal
2026-06-22,Maharashtra,Pune,Tomato,1664,1831,1749,Rs./quintal
2026-06-25,Maharashtra,Pune,Tomato,1405,1582,1518,Rs./quintal
2026-06-28,Maharashtra,Pune,Tomato,1457,1653,1579,Rs./quintal
2026-07-01,Maharashtra,Pune,Tomato,1969,2176,2036,Rs./quintal
2026-07-04,Maharashtra,Pune,Tomato,1828,2025,1908,Rs./quintal
2026-07-07,Maharashtra,Pune,Tomato,1737,1941,1879,Rs./quintal
2026-07-10,Maharashtra,Pune,Tomato,1386,1588,1481,Rs./quintal
2026-07-13,Maharashtra,Pune,Tomato,1393,1618,1504,Rs./quintal
2026-07-16,Maharashtra,Pune,Tomato,1663,1888,1779,Rs./quintal
2026-07-19,Maharashtra,Pune,Tomato,1436,1592,1505,Rs./quintal
2026-07-22,Maharashtra,Pune,Tomato,1570,1730,1672,Rs./quintal
2026-07-25,Maharashtra,Pune,Tomato,1868,2125,2005,Rs./quintal
2026-07-28,Maharashtra,Pune,Tomato,1784,2033,1938,Rs./quintal
2026-07-31,Maharashtra,Pune,Tomato,1963,2160,2036,Rs./quintal
2026-02-01,Maharashtra,Nagpur,Wheat,2082,2285,2171,Rs./quintal
2026-02-04,Maharashtra,Nagpur,Wheat,1947,2168,2094,Rs./quintal
2026-02-07,Maharashtra,Nagpur,Wheat,1965,2276,2128,Rs./quintal
2026-02-10,Maharashtra,Nagpur,Wheat,1970,2206,2077,Rs./quintal
2026-02-13,Maharashtra,Nagpur,Wheat,1962,2223,2085,Rs./quintal
2026-02-16,Maharashtra,Nagpur,Wheat,1965,2255,2108,Rs./quintal
2026-02-19,Maharashtra,Nagpur,Wheat,1927,2167,2060,Rs./quintal
2026-02-22,Maharashtra,Nagpur,Wheat,2082,2273,2174,Rs./quintal
2026-02-25,Maharashtra,Nagpur,Wheat,2075,2245,2164,Rs./quintal
2026-02-28,Maharashtra,Nagpur,Wheat,1960,2192,2091,Rs./quintal
2026-03-03,Maharashtra,Nagpur,Wheat,1978,2217,2084,Rs./quintal
2026-03-06,Maharashtra,Nagpur,Wheat,1976,2240,2090,Rs./quintal
2026-03-09,Maharashtra,Nagpur,Wheat,2064,2280,2193,Rs./quintal
2026-03-12,Maharashtra,Nagpur,Wheat,2036,2255,2109,Rs./quintal
2026-03-15,Maharashtra,Nagpur,Wheat,2028,2265,2127,Rs./quintal
2026-03-18,Maharashtra,Nagpur,Wheat,2099,2312,2209,Rs./quintal
2026-03-21,Maharashtra,Nagpur,Wheat,2088,2288,2157,Rs./quintal
2026-03-24,Maharashtra,Nagpur,Wheat,1983,2250,2137,Rs./quintal
2026-03-27,Maharashtra,Nagpur,Wheat,2015,2275,2185,Rs./quintal
2026-03-30,Maharashtra,Nagpur,Wheat,1940,2169,2083,Rs./quintal
2026-04-02,Maharashtra,Nagpur,Wheat,2047,2343,2196,Rs./quintal
2026-04-05,Maharashtra,Nagpur,Wheat,2097,2389,2239,Rs./quintal
2026-04-08,Maharashtra,Nagpur,Wheat,1989,2311,2141,Rs./quintal
2026-04-11,Maharashtra,Nagpur,Wheat,1997,2230,2162,Rs./quintal
2026-04-14,Maharashtra,Nagpur,Wheat,1990,2214,2129,Rs./quintal
2026-04-17,Maharashtra,Nagpur,Wheat,2100,2262,2191,Rs./quintal
2026-04-20,Maharashtra,Nagpur,Wheat,1970,2200,2118,Rs./quintal
2026-04-23,Maharashtra,Nagpur,Wheat,2132,2335,2230,Rs./quintal
2026-04-26,Maharashtra,Nagpur,Wheat,2032,2255,2187,Rs./quintal
2026-04-29,Maharashtra,Nagpur,Wheat,2147,2293,2224,Rs./quintal
2026-05-02,Maharashtra,Nagpur,Wheat,2099,2391,2236,Rs./quintal
2026-05-05,Maharashtra,Nagpur,Wheat,2089,2259,2161,Rs./quintal
2026-05-08,Maharashtra,Nagpur,Wheat,2092,2315,2178,Rs./quintal
2026-05-11,Maharashtra,Nagpur,Wheat,2200,2452,2271,Rs./quintal
2026-05-14,Maharashtra,Nagpur,Wheat,2181,2338,2263,Rs./quintal
2026-05-17,Maharashtra,Nagpur,Wheat,2092,2316,2165,Rs./quintal
2026-05-20,Maharashtra,Nagpur,Wheat,2038,2277,2171,Rs./quintal
2026-05-23,Maharashtra,Nagpur,Wheat,2156,2319,2225,Rs./quintal
2026-05-26,Maharashtra,Nagpur,Wheat,2046,2237,2152,Rs./quintal
2026-05-29,Maharashtra,Nagpur,Wheat,2127,2320,2217,Rs./quintal
2026-06-01,Maharashtra,Nagpur,Wheat,2097,2346,2185,Rs./quintal
2026-06-04,Maharashtra,Nagpur,Wheat,2221,2463,2293,Rs./quintal
2026-06-07,Maharashtra,Nagpur,Wheat,2038,2324,2206,Rs./quintal
2026-06-10,Maharashtra,Nagpur,Wheat,2093,2393,2267,Rs./quintal
2026-06-13,Maharashtra,Nagpur,Wheat,2170,2405,2279,Rs./quintal
2026-06-16,Maharashtra,Nagpur,Wheat,2118,2348,2245,Rs./quintal
2026-06-19,Maharashtra,Nagpur,Wheat,2127,2375,2228,Rs./quintal
2026-06-22,Maharashtra,Nagpur,Wheat,2096,2357,2245,Rs./quintal
2026-06-25,Maharashtra,Nagpur,Wheat,2185,2375,2302,Rs./quintal
2026-06-28,Maharashtra,Nagpur,Wheat,2054,2370,2208,Rs./quintal
2026-07-01,Maharashtra,Nagpur,Wheat,2118,2434,2265,Rs./quintal
2026-07-04,Maharashtra,Nagpur,Wheat,2213,2400,2289,Rs./quintal
2026-07-07,Maharashtra,Nagpur,Wheat,2118,2364,2286,Rs./quintal
2026-07-10,Maharashtra,Nagpur,Wheat,2129,2405,2271,Rs./quintal
2026-07-13,Maharashtra,Nagpur,Wheat,2163,2391,2274,Rs./quintal
2026-07-16,Maharashtra,Nagpur,Wheat,2140,2435,2275,Rs./quintal
2026-07-19,Maharashtra,Nagpur,Wheat,2117,2342,2254,Rs./quintal
2026-07-22,Maharashtra,Nagpur,Wheat,2136,2351,2243,Rs./quintal
2026-07-25,Maharashtra,Nagpur,Wheat,2138,2346,2222,Rs./quintal
2026-07-28,Maharashtra,Nagpur,Wheat,2205,2474,2299,Rs./quintal
2026-07-31,Maharashtra,Nagpur,Wheat,2054,2295,2224,Rs./quintal
2026-02-01,Maharashtra,Nagpur,Rice,2192,2447,2341,Rs./quintal
2026-02-04,Maharashtra,Nagpur,Rice,2303,2520,2414,Rs./quintal
2026-02-07,Maharashtra,Nagpur,Rice,2329,2593,2401,Rs./quintal
2026-02-10,Maharashtra,Nagpur,Rice,2303,2589,2407,Rs./quintal
2026-02-13,Maharashtra,Nagpur,Rice,2167,2483,2318,Rs./quintal
2026-02-16,Maharashtra,Nagpur,Rice,2266,2531,2410,Rs./quintal
2026-02-19,Maharashtra,Nagpur,Rice,2273,2514,2386,Rs./quintal
2026-02-22,Maharashtra,Nagpur,Rice,2278,2467,2378,Rs./quintal
2026-02-25,Maharashtra,Nagpur,Rice,2202,2523,2364,Rs./quintal
2026-02-28,Maharashtra,Nagpur,Rice,2245,2539,2374,Rs./quintal
2026-03-03,Maharashtra,Nagpur,Rice,2324,2560,2431,Rs./quintal
2026-03-06,Maharashtra,Nagpur,Rice,2278,2531,2435,Rs./quintal
2026-03-09,Maharashtra,Nagpur,Rice,2323,2531,2433,Rs./quintal
2026-03-12,Maharashtra,Nagpur,Rice,2269,2511,2394,Rs./quintal
2026-03-15,Maharashtra,Nagpur,Rice,2233,2596,2410,Rs./quintal
2026-03-18,Maharashtra,Nagpur,Rice,2249,2509,2341,Rs./quintal
2026-03-21,Maharashtra,Nagpur,Rice,2240,2534,2381,Rs./quintal
2026-03-24,Maharashtra,Nagpur,Rice,2291,2525,2389,Rs./quintal
2026-03-27,Maharashtra,Nagpur,Rice,2191,2544,2379,Rs./quintal
2026-03-30,Maharashtra,Nagpur,Rice,2274,2641,2451,Rs./quintal
2026-04-02,Maharashtra,Nagpur,Rice,2287,2549,2404,Rs./quintal
2026-04-05,Maharashtra,Nagpur,Rice,2348,2630,2437,Rs./quintal
2026-04-08,Maharashtra,Nagpur,Rice,2244,2523,2388,Rs./quintal
2026-04-11,Maharashtra,Nagpur,Rice,2209,2527,2387,Rs./quintal
2026-04-14,Maharashtra,Nagpur,Rice,2333,2502,2418,Rs./quintal
2026-04-17,Maharashtra,Nagpur,Rice,2252,2451,2376,Rs./quintal
2026-04-20,Maharashtra,Nagpur,Rice,2311,2543,2447,Rs./quintal
2026-04-23,Maharashtra,Nagpur,Rice,2296,2477,2372,Rs./quintal
2026-04-26,Maharashtra,Nagpur,Rice,2280,2472,2392,Rs./quintal
2026-04-29,Maharashtra,Nagpur,Rice,2243,2462,2371,Rs./quintal
2026-05-02,Maharashtra,Nagpur,Rice,2345,2587,2493,Rs./quintal
2026-05-05,Maharashtra,Nagpur,Rice,2273,2530,2401,Rs./quintal
2026-05-08,Maharashtra,Nagpur,Rice,2319,2572,2396,Rs./quintal
2026-05-11,Maharashtra,Nagpur,Rice,2235,2527,2403,Rs./quintal
2026-05-14,Maharashtra,Nagpur,Rice,2335,2623,2474,Rs./quintal
2026-05-17,Maharashtra,Nagpur,Rice,2375,2640,2502,Rs./quintal
2026-05-20,Maharashtra,Nagpur,Rice,2307,2546,2471,Rs./quintal
2026-05-23,Maharashtra,Nagpur,Rice,2220,2525,2405,Rs./quintal
2026-05-26,Maharashtra,Nagpur,Rice,2352,2674,2486,Rs./quintal
2026-05-29,Maharashtra,Nagpur,Rice,2353,2642,2495,Rs./quintal
2026-06-01,Maharashtra,Nagpur,Rice,2338,2687,2502,Rs./quintal
2026-06-04,Maharashtra,Nagpur,Rice,2357,2630,2468,Rs./quintal
2026-06-07,Maharashtra,Nagpur,Rice,2327,2621,2448,Rs./quintal
2026-06-10,Maharashtra,Nagpur,Rice,2269,2615,2433,Rs./quintal
2026-06-13,Maharashtra,Nagpur,Rice,2359,2691,2502,Rs./quintal
2026-06-16,Maharashtra,Nagpur,Rice,2308,2555,2434,Rs./quintal
2026-06-19,Maharashtra,Nagpur,Rice,2356,2714,2528,Rs./quintal
2026-06-22,Maharashtra,Nagpur,Rice,2326,2554,2445,Rs./quintal
2026-06-25,Maharashtra,Nagpur,Rice,2411,2692,2525,Rs./quintal
2026-06-28,Maharashtra,Nagpur,Rice,2303,2632,2438,Rs./quintal
2026-07-01,Maharashtra,Nagpur,Rice,2428,2589,2504,Rs./quintal
2026-07-04,Maharashtra,Nagpur,Rice,2347,2562,2449,Rs./quintal
2026-07-07,Maharashtra,Nagpur,Rice,2324,2630,2492,Rs./quintal
2026-07-10,Maharashtra,Nagpur,Rice,2303,2654,2493,Rs./quintal
2026-07-13,Maharashtra,Nagpur,Rice,2375,2699,2529,Rs./quintal
2026-07-16,Maharashtra,Nagpur,Rice,2389,2620,2542,Rs./quintal
2026-07-19,Maharashtra,Nagpur,Rice,2366,2564,2450,Rs./quintal
2026-07-22,Maharashtra,Nagpur,Rice,2388,2613,2529,Rs./quintal
2026-07-25,Maharashtra,Nagpur,Rice,2334,2698,2504,Rs./quintal
2026-07-28,Maharashtra,Nagpur,Rice,2357,2630,2453,Rs./quintal
2026-07-31,Maharashtra,Nagpur,Rice,2263,2543,2457,Rs./quintal
2026-02-01,Maharashtra,Nagpur,Soybean,3971,4369,4226,Rs./quintal
2026-02-04,Maharashtra,Nagpur,Soybean,4123,4485,4322,Rs./quintal
2026-02-07,Maharashtra,Nagpur,Soybean,3865,4284,4152,Rs./quintal
2026-02-10,Maharashtra,Nagpur,Soybean,3989,4563,4285,Rs./quintal
2026-02-13,Maharashtra,Nagpur,Soybean,4181,4623,4353,Rs./quintal
2026-02-16,Maharashtra,Nagpur,Soybean,4152,4516,4303,Rs./quintal
2026-02-19,Maharashtra,Nagpur,Soybean,3811,4256,4131,Rs./quintal
2026-02-22,Maharashtra,Nagpur,Soybean,4146,4657,4326,Rs./quintal
2026-02-25,Maharashtra,Nagpur,Soybean,3876,4303,4159,Rs./quintal
2026-02-28,Maharashtra,Nagpur,Soybean,4050,4374,4178,Rs./quintal
2026-03-03,Maharashtra,Nagpur,Soybean,3814,4164,4000,Rs./quintal
2026-03-06,Maharashtra,Nagpur,Soybean,4113,4591,4285,Rs./quintal
2026-03-09,Maharashtra,Nagpur,Soybean,3704,4193,3990,Rs./quintal
2026-03-12,Maharashtra,Nagpur,Soybean,3713,4195,3965,Rs./quintal
2026-03-15,Maharashtra,Nagpur,Soybean,3720,4227,3999,Rs./quintal
2026-03-18,Maharashtra,Nagpur,Soybean,3989,4483,4308,Rs./quintal
2026-03-21,Maharashtra,Nagpur,Soybean,3778,4272,4068,Rs./quintal
2026-03-24,Maharashtra,Nagpur,Soybean,3806,4265,4051,Rs./quintal
2026-03-27,Maharashtra,Nagpur,Soybean,3793,4195,3948,Rs./quintal
2026-03-30,Maharashtra,Nagpur,Soybean,3761,4240,4073,Rs./quintal
2026-04-02,Maharashtra,Nagpur,Soybean,3766,4278,3964,Rs./quintal
2026-04-05,Maharashtra,Nagpur,Soybean,3677,4193,3884,Rs./quintal
2026-04-08,Maharashtra,Nagpur,Soybean,3887,4512,4186,Rs./quintal
2026-04-11,Maharashtra,Nagpur,Soybean,3959,4350,4085,Rs./quintal
2026-04-14,Maharashtra,Nagpur,Soybean,3988,4383,4117,Rs./quintal
2026-04-17,Maharashtra,Nagpur,Soybean,3785,4272,3977,Rs./quintal
2026-04-20,Maharashtra,Nagpur,Soybean,3822,4186,3971,Rs./quintal
2026-04-23,Maharashtra,Nagpur,Soybean,3781,4214,3978,Rs./quintal
2026-04-26,Maharashtra,Nagpur,Soybean,3805,4163,3997,Rs./quintal
2026-04-29,Maharashtra,Nagpur,Soybean,3955,4250,4080,Rs./quintal
2026-05-02,Maharashtra,Nagpur,Soybean,3869,4192,4010,Rs./quintal
2026-05-05,Maharashtra,Nagpur,Soybean,3887,4305,4058,Rs./quintal
2026-05-08,Maharashtra,Nagpur,Soybean,3557,3959,3789,Rs./quintal
2026-05-11,Maharashtra,Nagpur,Soybean,3559,3948,3826,Rs./quintal
2026-05-14,Maharashtra,Nagpur,Soybean,3925,4451,4132,Rs./quintal
2026-05-17,Maharashtra,Nagpur,Soybean,3801,4237,4059,Rs./quintal
2026-05-20,Maharashtra,Nagpur,Soybean,3852,4246,4021,Rs./quintal
2026-05-23,Maharashtra,Nagpur,Soybean,3955,4337,4153,Rs./quintal
2026-05-26,Maharashtra,Nagpur,Soybean,3633,3951,3775,Rs./quintal
2026-05-29,Maharashtra,Nagpur,Soybean,3657,4153,3862,Rs./quintal
2026-06-01,Maharashtra,Nagpur,Soybean,3682,4203,3949,Rs./quintal
2026-06-04,Maharashtra,Nagpur,Soybean,3773,4165,3970,Rs./quintal
2026-06-07,Maharashtra,Nagpur,Soybean,3594,3931,3815,Rs./quintal
2026-06-10,Maharashtra,Nagpur,Soybean,3720,4188,4028,Rs./quintal
2026-06-13,Maharashtra,Nagpur,Soybean,3650,4095,3937,Rs./quintal
2026-06-16,Maharashtra,Nagpur,Soybean,3538,3993,3726,Rs./quintal
2026-06-19,Maharashtra,Nagpur,Soybean,3776,4189,4052,Rs./quintal
2026-06-22,Maharashtra,Nagpur,Soybean,3716,4234,3972,Rs./quintal
2026-06-25,Maharashtra,Nagpur,Soybean,3516,3946,3785,Rs./quintal
2026-06-28,Maharashtra,Nagpur,Soybean,3582,4036,3801,Rs./quintal
2026-07-01,Maharashtra,Nagpur,Soybean,3568,3846,3720,Rs./quintal
2026-07-04,Maharashtra,Nagpur,Soybean,3747,4140,3987,Rs./quintal
2026-07-07,Maharashtra,Nagpur,Soybean,3578,4038,3785,Rs./quintal
2026-07-10,Maharashtra,Nagpur,Soybean,3754,4178,3906,Rs./quintal
2026-07-13,Maharashtra,Nagpur,Soybean,3403,3887,3624,Rs./quintal
2026-07-16,Maharashtra,Nagpur,Soybean,3773,4138,3905,Rs./quintal
2026-07-19,Maharashtra,Nagpur,Soybean,3515,3833,3675,Rs./quintal
2026-07-22,Maharashtra,Nagpur,Soybean,3576,3978,3793,Rs./quintal
2026-07-25,Maharashtra,Nagpur,Soybean,3553,3989,3847,Rs./quintal
2026-07-28,Maharashtra,Nagpur,Soybean,3521,3945,3795,Rs./quintal
2026-07-31,Maharashtra,Nagpur,Soybean,3422,3861,3621,Rs./quintal
2026-02-01,Maharashtra,Nagpur,Onion,1525,1701,1577,Rs./quintal
2026-02-04,Maharashtra,Nagpur,Onion,1271,1430,1346,Rs./quintal
2026-02-07,Maharashtra,Nagpur,Onion,1350,1482,1436,Rs./quintal
2026-02-10,Maharashtra,Nagpur,Onion,1480,1668,1576,Rs./quintal
2026-02-13,Maharashtra,Nagpur,Onion,1196,1324,1270,Rs./quintal
2026-02-16,Maharashtra,Nagpur,Onion,1503,1659,1572,Rs./quintal
2026-02-19,Maharashtra,Nagpur,Onion,1330,1484,1394,Rs./quintal
2026-02-22,Maharashtra,Nagpur,Onion,1413,1560,1462,Rs./quintal
2026-02-25,Maharashtra,Nagpur,Onion,1190,1382,1291,Rs./quintal
2026-02-28,Maharashtra,Nagpur,Onion,1387,1548,1454,Rs./quintal
2026-03-03,Maharashtra,Nagpur,Onion,1443,1629,1547,Rs./quintal
2026-03-06,Maharashtra,Nagpur,Onion,1458,1657,1563,Rs./quintal
2026-03-09,Maharashtra,Nagpur,Onion,1620,1736,1684,Rs./quintal
2026-03-12,Maharashtra,Nagpur,Onion,1526,1725,1603,Rs./quintal
2026-03-15,Maharashtra,Nagpur,Onion,1364,1545,1437,Rs./quintal
2026-03-18,Maharashtra,Nagpur,Onion,1386,1567,1491,Rs./quintal
2026-03-21,Maharashtra,Nagpur,Onion,1519,1702,1629,Rs./quintal
2026-03-24,Maharashtra,Nagpur,Onion,1611,1774,1691,Rs./quintal
2026-03-27,Maharashtra,Nagpur,Onion,1314,1500,1397,Rs./quintal
2026-03-30,Maharashtra,Nagpur,Onion,1464,1682,1584,Rs./quintal
2026-04-02,Maharashtra,Nagpur,Onion,1595,1765,1702,Rs./quintal
2026-04-05,Maharashtra,Nagpur,Onion,1632,1773,1689,Rs./quintal
2026-04-08,Maharashtra,Nagpur,Onion,1436,1586,1481,Rs./quintal
2026-04-11,Maharashtra,Nagpur,Onion,1235,1424,1337,Rs./quintal
2026-04-14,Maharashtra,Nagpur,Onion,1508,1689,1583,Rs./quintal
2026-04-17,Maharashtra,Nagpur,Onion,1329,1508,1416,Rs./quintal
2026-04-20,Maharashtra,Nagpur,Onion,1328,1540,1429,Rs./quintal
2026-04-23,Maharashtra,Nagpur,Onion,1487,1609,1548,Rs./quintal
2026-04-26,Maharashtra,Nagpur,Onion,1267,1457,1364,Rs./quintal
2026-04-29,Maharashtra,Nagpur,Onion,1407,1532,1458,Rs./quintal
2026-05-02,Maharashtra,Nagpur,Onion,1645,1856,1729,Rs./quintal
2026-05-05,Maharashtra,Nagpur,Onion,1401,1572,1499,Rs./quintal
2026-05-08,Maharashtra,Nagpur,Onion,1456,1646,1554,Rs./quintal
2026-05-11,Maharashtra,Nagpur,Onion,1578,1713,1655,Rs./quintal
2026-05-14,Maharashtra,Nagpur,Onion,1386,1491,1447,Rs./quintal
2026-05-17,Maharashtra,Nagpur,Onion,1655,1766,1707,Rs./quintal
2026-05-20,Maharashtra,Nagpur,Onion,1543,1778,1677,Rs./quintal
2026-05-23,Maharashtra,Nagpur,Onion,1829,2055,1909,Rs./quintal
2026-05-26,Maharashtra,Nagpur,Onion,1549,1738,1653,Rs./quintal
2026-05-29,Maharashtra,Nagpur,Onion,1544,1729,1601,Rs./quintal
2026-06-01,Maharashtra,Nagpur,Onion,1870,2056,1934,Rs./quintal
2026-06-04,Maharashtra,Nagpur,Onion,1571,1783,1702,Rs./quintal
2026-06-07,Maharashtra,Nagpur,Onion,1550,1765,1676,Rs./quintal
2026-06-10,Maharashtra,Nagpur,Onion,1789,2010,1871,Rs./quintal
2026-06-13,Maharashtra,Nagpur,Onion,1496,1691,1575,Rs./quintal
2026-06-16,Maharashtra,Nagpur,Onion,1575,1766,1649,Rs./quintal
2026-06-19,Maharashtra,Nagpur,Onion,1613,1803,1696,Rs./quintal
2026-06-22,Maharashtra,Nagpur,Onion,1649,1822,1753,Rs./quintal
2026-06-25,Maharashtra,Nagpur,Onion,1959,2167,2024,Rs./quintal
2026-06-28,Maharashtra,Nagpur,Onion,1416,1559,1510,Rs./quintal
2026-07-01,Maharashtra,Nagpur,Onion,1915,2152,2045,Rs./quintal
2026-07-04,Maharashtra,Nagpur,Onion,1816,2049,1932,Rs./quintal
2026-07-07,Maharashtra,Nagpur,Onion,1541,1762,1637,Rs./quintal
2026-07-10,Maharashtra,Nagpur,Onion,2049,2268,2114,Rs./quintal
2026-07-13,Maharashtra,Nagpur,Onion,2008,2193,2099,Rs./quintal
2026-07-16,Maharashtra,Nagpur,Onion,1577,1796,1701,Rs./quintal
2026-07-19,Maharashtra,Nagpur,Onion,1841,2018,1912,Rs./quintal
2026-07-22,Maharashtra,Nagpur,Onion,1596,1738,1663,Rs./quintal
2026-07-25,Maharashtra,Nagpur,Onion,1866,2114,1969,Rs./quintal
2026-07-28,Maharashtra,Nagpur,Onion,1589,1746,1686,Rs./quintal
2026-07-31,Maharashtra,Nagpur,Onion,1830,2043,1963,Rs./quintal
2026-02-01,Maharashtra,Nagpur,Tomato,1210,1377,1309,Rs./quintal
2026-02-04,Maharashtra,Nagpur,Tomato,1241,1439,1337,Rs./quintal
2026-02-07,Maharashtra,Nagpur,Tomato,1369,1488,1429,Rs./quintal
2026-02-10,Maharashtra,Nagpur,Tomato,1049,1194,1111,Rs./quintal
2026-02-13,Maharashtra,Nagpur,Tomato,968,1104,1045,Rs./quintal
2026-02-16,Maharashtra,Nagpur,Tomato,1240,1428,1341,Rs./quintal
2026-02-19,Maharashtra,Nagpur,Tomato,1366,1510,1413,Rs./quintal
2026-02-22,Maharashtra,Nagpur,Tomato,1219,1343,1280,Rs./quintal
2026-02-25,Maharashtra,Nagpur,Tomato,1279,1403,1337,Rs./quintal
2026-02-28,Maharashtra,Nagpur,Tomato,1233,1395,1300,Rs./quintal
2026-03-03,Maharashtra,Nagpur,Tomato,1390,1546,1493,Rs./quintal
2026-03-06,Maharashtra,Nagpur,Tomato,1026,1184,1110,Rs./quintal
2026-03-09,Maharashtra,Nagpur,Tomato,1494,1617,1561,Rs./quintal
2026-03-12,Maharashtra,Nagpur,Tomato,1212,1357,1259,Rs./quintal
2026-03-15,Maharashtra,Nagpur,Tomato,1261,1415,1370,Rs./quintal
2026-03-18,Maharashtra,Nagpur,Tomato,1297,1454,1348,Rs./quintal
2026-03-21,Maharashtra,Nagpur,Tomato,1157,1312,1233,Rs./quintal
2026-03-24,Maharashtra,Nagpur,Tomato,1406,1575,1486,Rs./quintal
2026-03-27,Maharashtra,Nagpur,Tomato,1110,1248,1181,Rs./quintal
2026-03-30,Maharashtra,Nagpur,Tomato,1213,1409,1308,Rs./quintal
2026-04-02,Maharashtra,Nagpur,Tomato,1539,1715,1629,Rs./quintal
2026-04-05,Maharashtra,Nagpur,Tomato,1384,1587,1493,Rs./quintal
2026-04-08,Maharashtra,Nagpur,Tomato,1536,1704,1608,Rs./quintal
2026-04-11,Maharashtra,Nagpur,Tomato,1285,1373,1325,Rs./quintal
2026-04-14,Maharashtra,Nagpur,Tomato,1643,1813,1720,Rs./quintal
2026-04-17,Maharashtra,Nagpur,Tomato,1534,1730,1624,Rs./quintal
2026-04-20,Maharashtra,Nagpur,Tomato,1322,1428,1364,Rs./quintal
2026-04-23,Maharashtra,Nagpur,Tomato,1510,1731,1623,Rs./quintal
2026-04-26,Maharashtra,Nagpur,Tomato,1540,1666,1613,Rs./quintal
2026-04-29,Maharashtra,Nagpur,Tomato,1528,1734,1645,Rs./quintal
2026-05-02,Maharashtra,Nagpur,Tomato,1437,1576,1483,Rs./quintal
2026-05-05,Maharashtra,Nagpur,Tomato,1712,1867,1766,Rs./quintal
2026-05-08,Maharashtra,Nagpur,Tomato,1382,1564,1449,Rs./quintal
2026-05-11,Maharashtra,Nagpur,Tomato,1607,1806,1710,Rs./quintal
2026-05-14,Maharashtra,Nagpur,Tomato,1351,1471,1415,Rs./quintal
2026-05-17,Maharashtra,Nagpur,Tomato,1664,1836,1771,Rs./quintal
2026-05-20,Maharashtra,Nagpur,Tomato,1619,1826,1706,Rs./quintal
2026-05-23,Maharashtra,Nagpur,Tomato,1688,1860,1767,Rs./quintal
2026-05-26,Maharashtra,Nagpur,Tomato,1243,1428,1341,Rs./quintal
2026-05-29,Maharashtra,Nagpur,Tomato,1317,1478,1420,Rs./quintal
2026-06-01,Maharashtra,Nagpur,Tomato,1760,1896,1840,Rs./quintal
2026-06-04,Maharashtra,Nagpur,Tomato,1732,1942,1825,Rs./quintal
2026-06-07,Maharashtra,Nagpur,Tomato,1856,2156,2001,Rs./quintal
2026-06-10,Maharashtra,Nagpur,Tomato,1563,1749,1625,Rs./quintal
2026-06-13,Maharashtra,Nagpur,Tomato,1359,1458,1403,Rs./quintal
2026-06-16,Maharashtra,Nagpur,Tomato,1331,1460,1374,Rs./quintal
2026-06-19,Maharashtra,Nagpur,Tomato,1681,1843,1736,Rs./quintal
2026-06-22,Maharashtra,Nagpur,Tomato,1484,1678,1610,Rs./quintal
2026-06-25,Maharashtra,Nagpur,Tomato,1590,1795,1666,Rs./quintal
2026-06-28,Maharashtra,Nagpur,Tomato,1667,1891,1776,Rs./quintal
2026-07-01,Maharashtra,Nagpur,Tomato,1926,2160,2021,Rs./quintal
2026-07-04,Maharashtra,Nagpur,Tomato,1974,2163,2072,Rs./quintal
2026-07-07,Maharashtra,Nagpur,Tomato,1801,1988,1919,Rs./quintal
2026-07-10,Maharashtra,Nagpur,Tomato,1422,1602,1506,Rs./quintal
2026-07-13,Maharashtra,Nagpur,Tomato,1672,1921,1815,Rs./quintal
2026-07-16,Maharashtra,Nagpur,Tomato,1737,1985,1860,Rs./quintal
2026-07-19,Maharashtra,Nagpur,Tomato,1878,2131,2021,Rs./quintal
2026-07-22,Maharashtra,Nagpur,Tomato,1800,2024,1912,Rs./quintal
2026-07-25,Maharashtra,Nagpur,Tomato,1401,1633,1518,Rs./quintal
2026-07-28,Maharashtra,Nagpur,Tomato,1878,2164,2021,Rs./quintal
2026-07-31,Maharashtra,Nagpur,Tomato,1385,1544,1461,Rs./quintal
2026-02-01,Uttar Pradesh,Kanpur,Wheat,2096,2347,2216,Rs./quintal
2026-02-04,Uttar Pradesh,Kanpur,Wheat,2155,2327,2246,Rs./quintal
2026-02-07,Uttar Pradesh,Kanpur,Wheat,2180,2420,2251,Rs./quintal
2026-02-10,Uttar Pradesh,Kanpur,Wheat,2066,2260,2175,Rs./quintal
2026-02-13,Uttar Pradesh,Kanpur,Wheat,2135,2304,2224,Rs./quintal
2026-02-16,Uttar Pradesh,Kanpur,Wheat,2017,2251,2168,Rs./quintal
2026-02-19,Uttar Pradesh,Kanpur,Wheat,2142,2296,2225,Rs./quintal
2026-02-22,Uttar Pradesh,Kanpur,Wheat,2156,2391,2281,Rs./quintal
2026-02-25,Uttar Pradesh,Kanpur,Wheat,2092,2395,2223,Rs./quintal
2026-02-28,Uttar Pradesh,Kanpur,Wheat,2011,2317,2151,Rs./quintal
2026-03-03,Uttar Pradesh,Kanpur,Wheat,2161,2395,2253,Rs./quintal
2026-03-06,Uttar Pradesh,Kanpur,Wheat,2128,2388,2243,Rs./quintal
2026-03-09,Uttar Pradesh,Kanpur,Wheat,2184,2360,2253,Rs./quintal
2026-03-12,Uttar Pradesh,Kanpur,Wheat,2099,2335,2256,Rs./quintal
2026-03-15,Uttar Pradesh,Kanpur,Wheat,2138,2384,2294,Rs./quintal
2026-03-18,Uttar Pradesh,Kanpur,Wheat,2138,2396,2223,Rs./quintal
2026-03-21,Uttar Pradesh,Kanpur,Wheat,2107,2373,2264,Rs./quintal
2026-03-24,Uttar Pradesh,Kanpur,Wheat,2092,2274,2200,Rs./quintal
2026-03-27,Uttar Pradesh,Kanpur,Wheat,2082,2384,2217,Rs./quintal
2026-03-30,Uttar Pradesh,Kanpur,Wheat,2067,2333,2237,Rs./quintal
2026-04-02,Uttar Pradesh,Kanpur,Wheat,2171,2403,2274,Rs./quintal
2026-04-05,Uttar Pradesh,Kanpur,Wheat,2129,2402,2225,Rs./quintal
2026-04-08,Uttar Pradesh,Kanpur,Wheat,2148,2423,2311,Rs./quintal
2026-04-11,Uttar Pradesh,Kanpur,Wheat,2216,2445,2306,Rs./quintal
2026-04-14,Uttar Pradesh,Kanpur,Wheat,2109,2454,2273,Rs./quintal
2026-04-17,Uttar Pradesh,Kanpur,Wheat,2096,2412,2275,Rs./quintal
2026-04-20,Uttar Pradesh,Kanpur,Wheat,2062,2305,2226,Rs./quintal
2026-04-23,Uttar Pradesh,Kanpur,Wheat,2115,2433,2291,Rs./quintal
2026-04-26,Uttar Pradesh,Kanpur,Wheat,2122,2364,2265,Rs./quintal
2026-04-29,Uttar Pradesh,Kanpur,Wheat,2175,2406,2335,Rs./quintal
2026-05-02,Uttar Pradesh,Kanpur,Wheat,2228,2414,2301,Rs./quintal
2026-05-05,Uttar Pradesh,Kanpur,Wheat,2187,2351,2263,Rs./quintal
2026-05-08,Uttar Pradesh,Kanpur,Wheat,2198,2517,2350,Rs./quintal
2026-05-11,Uttar Pradesh,Kanpur,Wheat,2193,2468,2317,Rs./quintal
2026-05-14,Uttar Pradesh,Kanpur,Wheat,2245,2512,2369,Rs./quintal
2026-05-17,Uttar Pradesh,Kanpur,Wheat,2204,2558,2374,Rs./quintal
2026-05-20,Uttar Pradesh,Kanpur,Wheat,2159,2457,2303,Rs./quintal
2026-05-23,Uttar Pradesh,Kanpur,Wheat,2256,2525,2383,Rs./quintal
2026-05-26,Uttar Pradesh,Kanpur,Wheat,2234,2453,2367,Rs./quintal
2026-05-29,Uttar Pradesh,Kanpur,Wheat,2128,2335,2250,Rs./quintal
2026-06-01,Uttar Pradesh,Kanpur,Wheat,2160,2454,2300,Rs./quintal
2026-06-04,Uttar Pradesh,Kanpur,Wheat,2190,2470,2290,Rs./quintal
2026-06-07,Uttar Pradesh,Kanpur,Wheat,2221,2526,2382,Rs./quintal
2026-06-10,Uttar Pradesh,Kanpur,Wheat,2213,2571,2382,Rs./quintal
2026-06-13,Uttar Pradesh,Kanpur,Wheat,2264,2500,2395,Rs./quintal
2026-06-16,Uttar Pradesh,Kanpur,Wheat,2266,2517,2343,Rs./quintal
2026-06-19,Uttar Pradesh,Kanpur,Wheat,2243,2573,2398,Rs./quintal
2026-06-22,Uttar Pradesh,Kanpur,Wheat,2272,2526,2416,Rs./quintal
2026-06-25,Uttar Pradesh,Kanpur,Wheat,2121,2448,2295,Rs./quintal
2026-06-28,Uttar Pradesh,Kanpur,Wheat,2243,2495,2416,Rs./quintal
2026-07-01,Uttar Pradesh,Kanpur,Wheat,2296,2555,2423,Rs./quintal
2026-07-04,Uttar Pradesh,Kanpur,Wheat,2364,2567,2442,Rs./quintal
2026-07-07,Uttar Pradesh,Kanpur,Wheat,2286,2519,2390,Rs./quintal
2026-07-10,Uttar Pradesh,Kanpur,Wheat,2319,2569,2391,Rs./quintal
2026-07-13,Uttar Pradesh,Kanpur,Wheat,2273,2564,2417,Rs./quintal
2026-07-16,Uttar Pradesh,Kanpur,Wheat,2343,2608,2447,Rs./quintal
2026-07-19,Uttar Pradesh,Kanpur,Wheat,2315,2520,2418,Rs./quintal
2026-07-22,Uttar Pradesh,Kanpur,Wheat,2344,2595,2423,Rs./quintal
2026-07-25,Uttar Pradesh,Kanpur,Wheat,2312,2591,2443,Rs./quintal
2026-07-28,Uttar Pradesh,Kanpur,Wheat,2328,2557,2404,Rs./quintal
2026-07-31,Uttar Pradesh,Kanpur,Wheat,2312,2544,2443,Rs./quintal
2026-02-01,Uttar Pradesh,Kanpur,Rice,2256,2571,2386,Rs./quintal
2026-02-04,Uttar Pradesh,Kanpur,Rice,2194,2451,2337,Rs./quintal
2026-02-07,Uttar Pradesh,Kanpur,Rice,2222,2399,2301,Rs./quintal
2026-02-10,Uttar Pradesh,Kanpur,Rice,2252,2434,2350,Rs./quintal
2026-02-13,Uttar Pradesh,Kanpur,Rice,2170,2416,2322,Rs./quintal
2026-02-16,Uttar Pradesh,Kanpur,Rice,2252,2471,2374,Rs./quintal
2026-02-19,Uttar Pradesh,Kanpur,Rice,2246,2467,2323,Rs./quintal
2026-02-22,Uttar Pradesh,Kanpur,Rice,2198,2511,2384,Rs./quintal
2026-02-25,Uttar Pradesh,Kanpur,Rice,2229,2473,2360,Rs./quintal
2026-02-28,Uttar Pradesh,Kanpur,Rice,2209,2472,2359,Rs./quintal
2026-03-03,Uttar Pradesh,Kanpur,Rice,2229,2402,2311,Rs./quintal
2026-03-06,Uttar Pradesh,Kanpur,Rice,2176,2480,2352,Rs./quintal
2026-03-09,Uttar Pradesh,Kanpur,Rice,2194,2407,2320,Rs./quintal
2026-03-12,Uttar Pradesh,Kanpur,Rice,2196,2413,2325,Rs./quintal
2026-03-15,Uttar Pradesh,Kanpur,Rice,2224,2507,2388,Rs./quintal
2026-03-18,Uttar Pradesh,Kanpur,Rice,2209,2438,2346,Rs./quintal
2026-03-21,Uttar Pradesh,Kanpur,Rice,2227,2531,2406,Rs./quintal
2026-03-24,Uttar Pradesh,Kanpur,Rice,2237,2525,2410,Rs./quintal
2026-03-27,Uttar Pradesh,Kanpur,Rice,2215,2536,2362,Rs./quintal
2026-03-30,Uttar Pradesh,Kanpur,Rice,2169,2409,2334,Rs./quintal
2026-04-02,Uttar Pradesh,Kanpur,Rice,2278,2559,2380,Rs./quintal
2026-04-05,Uttar Pradesh,Kanpur,Rice,2187,2479,2352,Rs./quintal
2026-04-08,Uttar Pradesh,Kanpur,Rice,2252,2536,2413,Rs./quintal
2026-04-11,Uttar Pradesh,Kanpur,Rice,2303,2557,2399,Rs./quintal
2026-04-14,Uttar Pradesh,Kanpur,Rice,2273,2548,2372,Rs./quintal
2026-04-17,Uttar Pradesh,Kanpur,Rice,2312,2566,2393,Rs./quintal
2026-04-20,Uttar Pradesh,Kanpur,Rice,2203,2464,2380,Rs./quintal
2026-04-23,Uttar Pradesh,Kanpur,Rice,2167,2464,2336,Rs./quintal
2026-04-26,Uttar Pradesh,Kanpur,Rice,2260,2580,2425,Rs./quintal
2026-04-29,Uttar Pradesh,Kanpur,Rice,2300,2533,2374,Rs./quintal
2026-05-02,Uttar Pradesh,Kanpur,Rice,2251,2540,2409,Rs./quintal
2026-05-05,Uttar Pradesh,Kanpur,Rice,2283,2541,2449,Rs./quintal
2026-05-08,Uttar Pradesh,Kanpur,Rice,2255,2583,2418,Rs./quintal
2026-05-11,Uttar Pradesh,Kanpur,Rice,2386,2565,2461,Rs./quintal
2026-05-14,Uttar Pradesh,Kanpur,Rice,2284,2616,2456,Rs./quintal
2026-05-17,Uttar Pradesh,Kanpur,Rice,2344,2589,2454,Rs./quintal
2026-05-20,Uttar Pradesh,Kanpur,Rice,2306,2520,2378,Rs./quintal
2026-05-23,Uttar Pradesh,Kanpur,Rice,2266,2522,2433,Rs./quintal
2026-05-26,Uttar Pradesh,Kanpur,Rice,2289,2542,2361,Rs./quintal
2026-05-29,Uttar Pradesh,Kanpur,Rice,2290,2491,2408,Rs./quintal
2026-06-01,Uttar Pradesh,Kanpur,Rice,2244,2494,2386,Rs./quintal
2026-06-04,Uttar Pradesh,Kanpur,Rice,2289,2572,2457,Rs./quintal
2026-06-07,Uttar Pradesh,Kanpur,Rice,2306,2591,2439,Rs./quintal
2026-06-10,Uttar Pradesh,Kanpur,Rice,2256,2523,2417,Rs./quintal
2026-06-13,Uttar Pradesh,Kanpur,Rice,2280,2534,2423,Rs./quintal
2026-06-16,Uttar Pradesh,Kanpur,Rice,2200,2464,2386,Rs./quintal
2026-06-19,Uttar Pradesh,Kanpur,Rice,2300,2603,2471,Rs./quintal
2026-06-22,Uttar Pradesh,Kanpur,Rice,2304,2589,2491,Rs./quintal
2026-06-25,Uttar Pradesh,Kanpur,Rice,2342,2609,2496,Rs./quintal
2026-06-28,Uttar Pradesh,Kanpur,Rice,2202,2530,2392,Rs./quintal
2026-07-01,Uttar Pradesh,Kanpur,Rice,2351,2678,2510,Rs./quintal
2026-07-04,Uttar Pradesh,Kanpur,Rice,2347,2586,2448,Rs./quintal
2026-07-07,Uttar Pradesh,Kanpur,Rice,2334,2549,2450,Rs./quintal
2026-07-10,Uttar Pradesh,Kanpur,Rice,2364,2541,2451,Rs./quintal
2026-07-13,Uttar Pradesh,Kanpur,Rice,2310,2643,2495,Rs./quintal
2026-07-16,Uttar Pradesh,Kanpur,Rice,2397,2615,2516,Rs./quintal
2026-07-19,Uttar Pradesh,Kanpur,Rice,2407,2575,2491,Rs./quintal
2026-07-22,Uttar Pradesh,Kanpur,Rice,2316,2635,2471,Rs./quintal
2026-07-25,Uttar Pradesh,Kanpur,Rice,2349,2693,2526,Rs./quintal
2026-07-28,Uttar Pradesh,Kanpur,Rice,2239,2548,2409,Rs./quintal
2026-07-31,Uttar Pradesh,Kanpur,Rice,2347,2612,2435,Rs./quintal
2026-02-01,Uttar Pradesh,Kanpur,Soybean,4523,4934,4688,Rs./quintal
2026-02-04,Uttar Pradesh,Kanpur,Soybean,4414,4725,4572,Rs./quintal
2026-02-07,Uttar Pradesh,Kanpur,Soybean,4291,4684,4439,Rs./quintal
2026-02-10,Uttar Pradesh,Kanpur,Soybean,4048,4537,4261,Rs./quintal
2026-02-13,Uttar Pradesh,Kanpur,Soybean,3974,4560,4309,Rs./quintal
2026-02-16,Uttar Pradesh,Kanpur,Soybean,4398,4916,4607,Rs./quintal
2026-02-19,Uttar Pradesh,Kanpur,Soybean,4226,4755,4429,Rs./quintal
2026-02-22,Uttar Pradesh,Kanpur,Soybean,4350,5002,4686,Rs./quintal
2026-02-25,Uttar Pradesh,Kanpur,Soybean,4242,4644,4423,Rs./quintal
2026-02-28,Uttar Pradesh,Kanpur,Soybean,4063,4539,4373,Rs./quintal
2026-03-03,Uttar Pradesh,Kanpur,Soybean,4070,4577,4262,Rs./quintal
2026-03-06,Uttar Pradesh,Kanpur,Soybean,4255,4808,4513,Rs./quintal
2026-03-09,Uttar Pradesh,Kanpur,Soybean,4111,4576,4396,Rs./quintal
2026-03-12,Uttar Pradesh,Kanpur,Soybean,4242,4650,4477,Rs./quintal
2026-03-15,Uttar Pradesh,Kanpur,Soybean,3901,4320,4186,Rs./quintal
2026-03-18,Uttar Pradesh,Kanpur,Soybean,4079,4554,4231,Rs./quintal
2026-03-21,Uttar Pradesh,Kanpur,Soybean,4112,4551,4285,Rs./quintal
2026-03-24,Uttar Pradesh,Kanpur,Soybean,4109,4518,4275,Rs./quintal
2026-03-27,Uttar Pradesh,Kanpur,Soybean,3906,4418,4167,Rs./quintal
2026-03-30,Uttar Pradesh,Kanpur,Soybean,4000,4611,4328,Rs./quintal
2026-04-02,Uttar Pradesh,Kanpur,Soybean,4129,4537,4319,Rs./quintal
2026-04-05,Uttar Pradesh,Kanpur,Soybean,4069,4489,4346,Rs./quintal
2026-04-08,Uttar Pradesh,Kanpur,Soybean,4261,4615,4433,Rs./quintal
2026-04-11,Uttar Pradesh,Kanpur,Soybean,4178,4851,4498,Rs./quintal
2026-04-14,Uttar Pradesh,Kanpur,Soybean,4180,4611,4314,Rs./quintal
2026-04-17,Uttar Pradesh,Kanpur,Soybean,4088,4715,4418,Rs./quintal
2026-04-20,Uttar Pradesh,Kanpur,Soybean,4046,4559,4247,Rs./quintal
2026-04-23,Uttar Pradesh,Kanpur,Soybean,4127,4664,4355,Rs./quintal
2026-04-26,Uttar Pradesh,Kanpur,Soybean,3900,4425,4178,Rs./quintal
2026-04-29,Uttar Pradesh,Kanpur,Soybean,4242,4597,4430,Rs./quintal
2026-05-02,Uttar Pradesh,Kanpur,Soybean,3920,4298,4099,Rs./quintal
2026-05-05,Uttar Pradesh,Kanpur,Soybean,4051,4552,4381,Rs./quintal
2026-05-08,Uttar Pradesh,Kanpur,Soybean,3929,4240,4079,Rs./quintal
2026-05-11,Uttar Pradesh,Kanpur,Soybean,4025,4470,4208,Rs./quintal
2026-05-14,Uttar Pradesh,Kanpur,Soybean,3722,4166,4010,Rs./quintal
2026-05-17,Uttar Pradesh,Kanpur,Soybean,3960,4306,4167,Rs./quintal
2026-05-20,Uttar Pradesh,Kanpur,Soybean,3759,4336,4032,Rs./quintal
2026-05-23,Uttar Pradesh,Kanpur,Soybean,4079,4658,4410,Rs./quintal
2026-05-26,Uttar Pradesh,Kanpur,Soybean,4136,4566,4307,Rs./quintal
2026-05-29,Uttar Pradesh,Kanpur,Soybean,3832,4457,4160,Rs./quintal
2026-06-01,Uttar Pradesh,Kanpur,Soybean,4034,4372,4236,Rs./quintal
2026-06-04,Uttar Pradesh,Kanpur,Soybean,3719,4173,4024,Rs./quintal
2026-06-07,Uttar Pradesh,Kanpur,Soybean,3848,4507,4180,Rs./quintal
2026-06-10,Uttar Pradesh,Kanpur,Soybean,3994,4604,4316,Rs./quintal
2026-06-13,Uttar Pradesh,Kanpur,Soybean,3880,4224,4061,Rs./quintal
2026-06-16,Uttar Pradesh,Kanpur,Soybean,3905,4334,4119,Rs./quintal
2026-06-19,Uttar Pradesh,Kanpur,Soybean,3735,4138,3988,Rs./quintal
2026-06-22,Uttar Pradesh,Kanpur,Soybean,3765,4186,3944,Rs./quintal
2026-06-25,Uttar Pradesh,Kanpur,Soybean,3818,4112,3972,Rs./quintal
2026-06-28,Uttar Pradesh,Kanpur,Soybean,3824,4334,4044,Rs./quintal
2026-07-01,Uttar Pradesh,Kanpur,Soybean,3766,4022,3900,Rs./quintal
2026-07-04,Uttar Pradesh,Kanpur,Soybean,3724,4268,4016,Rs./quintal
2026-07-07,Uttar Pradesh,Kanpur,Soybean,3792,4128,3934,Rs./quintal
2026-07-10,Uttar Pradesh,Kanpur,Soybean,4037,4350,4200,Rs./quintal
2026-07-13,Uttar Pradesh,Kanpur,Soybean,3620,4048,3911,Rs./quintal
2026-07-16,Uttar Pradesh,Kanpur,Soybean,3966,4486,4229,Rs./quintal
2026-07-19,Uttar Pradesh,Kanpur,Soybean,3759,4187,3891,Rs./quintal
2026-07-22,Uttar Pradesh,Kanpur,Soybean,3996,4369,4205,Rs./quintal
2026-07-25,Uttar Pradesh,Kanpur,Soybean,3854,4317,4057,Rs./quintal
2026-07-28,Uttar Pradesh,Kanpur,Soybean,3721,4079,3903,Rs./quintal
2026-07-31,Uttar Pradesh,Kanpur,Soybean,3912,4320,4173,Rs./quintal
2026-02-01,Uttar Pradesh,Kanpur,Onion,1478,1637,1529,Rs./quintal
2026-02-04,Uttar Pradesh,Kanpur,Onion,1433,1598,1551,Rs./quintal
2026-02-07,Uttar Pradesh,Kanpur,Onion,1528,1751,1648,Rs./quintal
2026-02-10,Uttar Pradesh,Kanpur,Onion,1297,1471,1380,Rs./quintal
2026-02-13,Uttar Pradesh,Kanpur,Onion,1494,1636,1583,Rs./quintal
2026-02-16,Uttar Pradesh,Kanpur,Onion,1444,1558,1492,Rs./quintal
2026-02-19,Uttar Pradesh,Kanpur,Onion,1240,1329,1279,Rs./quintal
2026-02-22,Uttar Pradesh,Kanpur,Onion,1318,1480,1408,Rs./quintal
2026-02-25,Uttar Pradesh,Kanpur,Onion,1451,1651,1543,Rs./quintal
2026-02-28,Uttar Pradesh,Kanpur,Onion,1330,1472,1385,Rs./quintal
2026-03-03,Uttar Pradesh,Kanpur,Onion,1344,1506,1428,Rs./quintal
2026-03-06,Uttar Pradesh,Kanpur,Onion,1478,1672,1561,Rs./quintal
2026-03-09,Uttar Pradesh,Kanpur,Onion,1416,1568,1492,Rs./quintal
2026-03-12,Uttar Pradesh,Kanpur,Onion,1510,1689,1582,Rs./quintal
2026-03-15,Uttar Pradesh,Kanpur,Onion,1528,1689,1640,Rs./quintal
2026-03-18,Uttar Pradesh,Kanpur,Onion,1635,1878,1775,Rs./quintal
2026-03-21,Uttar Pradesh,Kanpur,Onion,1698,1816,1758,Rs./quintal
2026-03-24,Uttar Pradesh,Kanpur,Onion,1421,1584,1476,Rs./quintal
2026-03-27,Uttar Pradesh,Kanpur,Onion,1583,1757,1694,Rs./quintal
2026-03-30,Uttar Pradesh,Kanpur,Onion,1656,1839,1710,Rs./quintal
2026-04-02,Uttar Pradesh,Kanpur,Onion,1454,1562,1512,Rs./quintal
2026-04-05,Uttar Pradesh,Kanpur,Onion,1413,1555,1460,Rs./quintal
2026-04-08,Uttar Pradesh,Kanpur,Onion,1454,1701,1578,Rs./quintal
2026-04-11,Uttar Pradesh,Kanpur,Onion,1504,1674,1575,Rs./quintal
2026-04-14,Uttar Pradesh,Kanpur,Onion,1375,1534,1429,Rs./quintal
2026-04-17,Uttar Pradesh,Kanpur,Onion,1321,1456,1408,Rs./quintal
2026-04-20,Uttar Pradesh,Kanpur,Onion,1357,1532,1431,Rs./quintal
2026-04-23,Uttar Pradesh,Kanpur,Onion,1362,1564,1466,Rs./quintal
2026-04-26,Uttar Pradesh,Kanpur,Onion,1681,1839,1760,Rs./quintal
2026-04-29,Uttar Pradesh,Kanpur,Onion,1494,1705,1595,Rs./quintal
2026-05-02,Uttar Pradesh,Kanpur,Onion,1718,1909,1839,Rs./quintal
2026-05-05,Uttar Pradesh,Kanpur,Onion,1783,2066,1935,Rs./quintal
2026-05-08,Uttar Pradesh,Kanpur,Onion,1601,1864,1739,Rs./quintal
2026-05-11,Uttar Pradesh,Kanpur,Onion,1765,1937,1831,Rs./quintal
2026-05-14,Uttar Pradesh,Kanpur,Onion,1844,2014,1909,Rs./quintal
2026-05-17,Uttar Pradesh,Kanpur,Onion,1737,1916,1846,Rs./quintal
2026-05-20,Uttar Pradesh,Kanpur,Onion,1876,2139,1983,Rs./quintal
2026-05-23,Uttar Pradesh,Kanpur,Onion,1435,1636,1542,Rs./quintal
2026-05-26,Uttar Pradesh,Kanpur,Onion,1477,1697,1590,Rs./quintal
2026-05-29,Uttar Pradesh,Kanpur,Onion,1701,1893,1768,Rs./quintal
2026-06-01,Uttar Pradesh,Kanpur,Onion,1707,1937,1824,Rs./quintal
2026-06-04,Uttar Pradesh,Kanpur,Onion,1877,2164,2022,Rs./quintal
2026-06-07,Uttar Pradesh,Kanpur,Onion,1787,1990,1922,Rs./quintal
2026-06-10,Uttar Pradesh,Kanpur,Onion,1528,1724,1608,Rs./quintal
2026-06-13,Uttar Pradesh,Kanpur,Onion,1476,1670,1580,Rs./quintal
2026-06-16,Uttar Pradesh,Kanpur,Onion,1521,1710,1601,Rs./quintal
2026-06-19,Uttar Pradesh,Kanpur,Onion,1645,1843,1736,Rs./quintal
2026-06-22,Uttar Pradesh,Kanpur,Onion,1478,1708,1583,Rs./quintal
2026-06-25,Uttar Pradesh,Kanpur,Onion,1780,2007,1877,Rs./quintal
2026-06-28,Uttar Pradesh,Kanpur,Onion,1488,1713,1590,Rs./quintal
2026-07-01,Uttar Pradesh,Kanpur,Onion,1561,1737,1664,Rs./quintal
2026-07-04,Uttar Pradesh,Kanpur,Onion,1759,2020,1892,Rs./quintal
2026-07-07,Uttar Pradesh,Kanpur,Onion,2019,2220,2084,Rs./quintal
2026-07-10,Uttar Pradesh,Kanpur,Onion,1614,1831,1716,Rs./quintal
2026-07-13,Uttar Pradesh,Kanpur,Onion,1650,1782,1718,Rs./quintal
2026-07-16,Uttar Pradesh,Kanpur,Onion,1881,2122,2003,Rs./quintal
2026-07-19,Uttar Pradesh,Kanpur,Onion,2017,2239,2158,Rs./quintal
2026-07-22,Uttar Pradesh,Kanpur,Onion,1861,1997,1930,Rs./quintal
2026-07-25,Uttar Pradesh,Kanpur,Onion,2005,2225,2079,Rs./quintal
2026-07-28,Uttar Pradesh,Kanpur,Onion,1957,2120,2042,Rs./quintal
2026-07-31,Uttar Pradesh,Kanpur,Onion,2103,2371,2223,Rs./quintal
2026-02-01,Uttar Pradesh,Kanpur,Tomato,1338,1527,1428,Rs./quintal
2026-02-04,Uttar Pradesh,Kanpur,Tomato,1069,1223,1140,Rs./quintal
2026-02-07,Uttar Pradesh,Kanpur,Tomato,1142,1265,1184,Rs./quintal
2026-02-10,Uttar Pradesh,Kanpur,Tomato,1082,1233,1163,Rs./quintal
2026-02-13,Uttar Pradesh,Kanpur,Tomato,938,1073,1011,Rs./quintal
2026-02-16,Uttar Pradesh,Kanpur,Tomato,1169,1262,1217,Rs./quintal
2026-02-19,Uttar Pradesh,Kanpur,Tomato,1325,1509,1399,Rs./quintal
2026-02-22,Uttar Pradesh,Kanpur,Tomato,1253,1402,1355,Rs./quintal
2026-02-25,Uttar Pradesh,Kanpur,Tomato,1089,1170,1127,Rs./quintal
2026-02-28,Uttar Pradesh,Kanpur,Tomato,1042,1149,1111,Rs./quintal
2026-03-03,Uttar Pradesh,Kanpur,Tomato,1100,1196,1147,Rs./quintal
2026-03-06,Uttar Pradesh,Kanpur,Tomato,1215,1398,1302,Rs./quintal
2026-03-09,Uttar Pradesh,Kanpur,Tomato,1293,1445,1395,Rs./quintal
2026-03-12,Uttar Pradesh,Kanpur,Tomato,1247,1451,1352,Rs./quintal
2026-03-15,Uttar Pradesh,Kanpur,Tomato,1216,1359,1263,Rs./quintal
2026-03-18,Uttar Pradesh,Kanpur,Tomato,1051,1201,1120,Rs./quintal
2026-03-21,Uttar Pradesh,Kanpur,Tomato,1459,1654,1554,Rs./quintal
2026-03-24,Uttar Pradesh,Kanpur,Tomato,1231,1416,1319,Rs./quintal
2026-03-27,Uttar Pradesh,Kanpur,Tomato,1343,1500,1412,Rs./quintal
2026-03-30,Uttar Pradesh,Kanpur,Tomato,1344,1544,1442,Rs./quintal
2026-04-02,Uttar Pradesh,Kanpur,Tomato,1098,1192,1141,Rs./quintal
2026-04-05,Uttar Pradesh,Kanpur,Tomato,1153,1268,1227,Rs./quintal
2026-04-08,Uttar Pradesh,Kanpur,Tomato,1280,1404,1357,Rs./quintal
2026-04-11,Uttar Pradesh,Kanpur,Tomato,1334,1506,1401,Rs./quintal
2026-04-14,Uttar Pradesh,Kanpur,Tomato,1295,1494,1401,Rs./quintal
2026-04-17,Uttar Pradesh,Kanpur,Tomato,1602,1771,1658,Rs./quintal
2026-04-20,Uttar Pradesh,Kanpur,Tomato,1171,1307,1250,Rs./quintal
2026-04-23,Uttar Pradesh,Kanpur,Tomato,1608,1814,1703,Rs./quintal
2026-04-26,Uttar Pradesh,Kanpur,Tomato,1314,1452,1407,Rs./quintal
2026-04-29,Uttar Pradesh,Kanpur,Tomato,1156,1301,1225,Rs./quintal
2026-05-02,Uttar Pradesh,Kanpur,Tomato,1312,1510,1424,Rs./quintal
2026-05-05,Uttar Pradesh,Kanpur,Tomato,1413,1531,1461,Rs./quintal
2026-05-08,Uttar Pradesh,Kanpur,Tomato,1408,1541,1492,Rs./quintal
2026-05-11,Uttar Pradesh,Kanpur,Tomato,1703,1873,1760,Rs./quintal
2026-05-14,Uttar Pradesh,Kanpur,Tomato,1326,1441,1393,Rs./quintal
2026-05-17,Uttar Pradesh,Kanpur,Tomato,1194,1327,1270,Rs./quintal
2026-05-20,Uttar Pradesh,Kanpur,Tomato,1604,1759,1665,Rs./quintal
2026-05-23,Uttar Pradesh,Kanpur,Tomato,1529,1756,1639,Rs./quintal
2026-05-26,Uttar Pradesh,Kanpur,Tomato,1239,1344,1284,Rs./quintal
2026-05-29,Uttar Pradesh,Kanpur,Tomato,1569,1770,1690,Rs./quintal
2026-06-01,Uttar Pradesh,Kanpur,Tomato,1514,1707,1604,Rs./quintal
2026-06-04,Uttar Pradesh,Kanpur,Tomato,1367,1500,1432,Rs./quintal
2026-06-07,Uttar Pradesh,Kanpur,Tomato,1677,1839,1785,Rs./quintal
2026-06-10,Uttar Pradesh,Kanpur,Tomato,1752,1908,1845,Rs./quintal
2026-06-13,Uttar Pradesh,Kanpur,Tomato,1682,1851,1769,Rs./quintal
2026-06-16,Uttar Pradesh,Kanpur,Tomato,1915,2113,1980,Rs./quintal
2026-06-19,Uttar Pradesh,Kanpur,Tomato,1698,1882,1814,Rs./quintal
2026-06-22,Uttar Pradesh,Kanpur,Tomato,1512,1749,1630,Rs./quintal
2026-06-25,Uttar Pradesh,Kanpur,Tomato,1357,1471,1401,Rs./quintal
2026-06-28,Uttar Pradesh,Kanpur,Tomato,1538,1759,1671,Rs./quintal
2026-07-01,Uttar Pradesh,Kanpur,Tomato,1879,2134,2028,Rs./quintal
2026-07-04,Uttar Pradesh,Kanpur,Tomato,1966,2213,2126,Rs./quintal
2026-07-07,Uttar Pradesh,Kanpur,Tomato,2007,2255,2133,Rs./quintal
2026-07-10,Uttar Pradesh,Kanpur,Tomato,1456,1625,1551,Rs./quintal
2026-07-13,Uttar Pradesh,Kanpur,Tomato,2048,2238,2114,Rs./quintal
2026-07-16,Uttar Pradesh,Kanpur,Tomato,1385,1486,1442,Rs./quintal
2026-07-19,Uttar Pradesh,Kanpur,Tomato,1960,2226,2074,Rs./quintal
2026-07-22,Uttar Pradesh,Kanpur,Tomato,1841,2035,1933,Rs./quintal
2026-07-25,Uttar Pradesh,Kanpur,Tomato,1618,1825,1726,Rs./quintal
2026-07-28,Uttar Pradesh,Kanpur,Tomato,1731,1870,1806,Rs./quintal
2026-07-31,Uttar Pradesh,Kanpur,Tomato,1467,1619,1558,Rs./quintal
2026-02-01,Uttar Pradesh,Agra,Wheat,2043,2333,2176,Rs./quintal
2026-02-04,Uttar Pradesh,Agra,Wheat,2067,2292,2195,Rs./quintal
2026-02-07,Uttar Pradesh,Agra,Wheat,2112,2345,2186,Rs./quintal
2026-02-10,Uttar Pradesh,Agra,Wheat,2146,2314,2235,Rs./quintal
2026-02-13,Uttar Pradesh,Agra,Wheat,2082,2301,2190,Rs./quintal
2026-02-16,Uttar Pradesh,Agra,Wheat,2078,2336,2170,Rs./quintal
2026-02-19,Uttar Pradesh,Agra,Wheat,1996,2243,2118,Rs./quintal
2026-02-22,Uttar Pradesh,Agra,Wheat,1972,2218,2110,Rs./quintal
2026-02-25,Uttar Pradesh,Agra,Wheat,2012,2239,2134,Rs./quintal
2026-02-28,Uttar Pradesh,Agra,Wheat,2011,2208,2131,Rs./quintal
2026-03-03,Uttar Pradesh,Agra,Wheat,2187,2380,2265,Rs./quintal
2026-03-06,Uttar Pradesh,Agra,Wheat,2144,2396,2245,Rs./quintal
2026-03-09,Uttar Pradesh,Agra,Wheat,2007,2226,2138,Rs./quintal
2026-03-12,Uttar Pradesh,Agra,Wheat,2096,2268,2174,Rs./quintal
2026-03-15,Uttar Pradesh,Agra,Wheat,2158,2362,2248,Rs./quintal
2026-03-18,Uttar Pradesh,Agra,Wheat,2093,2279,2169,Rs./quintal
2026-03-21,Uttar Pradesh,Agra,Wheat,1984,2243,2139,Rs./quintal
2026-03-24,Uttar Pradesh,Agra,Wheat,2157,2380,2245,Rs./quintal
2026-03-27,Uttar Pradesh,Agra,Wheat,2111,2355,2181,Rs./quintal
2026-03-30,Uttar Pradesh,Agra,Wheat,2101,2255,2169,Rs./quintal
2026-04-02,Uttar Pradesh,Agra,Wheat,2168,2413,2255,Rs./quintal
2026-04-05,Uttar Pradesh,Agra,Wheat,2081,2385,2246,Rs./quintal
2026-04-08,Uttar Pradesh,Agra,Wheat,2136,2473,2300,Rs./quintal
2026-04-11,Uttar Pradesh,Agra,Wheat,2108,2316,2238,Rs./quintal
2026-04-14,Uttar Pradesh,Agra,Wheat,2151,2416,2276,Rs./quintal
2026-04-17,Uttar Pradesh,Agra,Wheat,2188,2414,2274,Rs./quintal
2026-04-20,Uttar Pradesh,Agra,Wheat,2089,2375,2204,Rs./quintal
2026-04-23,Uttar Pradesh,Agra,Wheat,2031,2310,2196,Rs./quintal
2026-04-26,Uttar Pradesh,Agra,Wheat,2140,2324,2253,Rs./quintal
2026-04-29,Uttar Pradesh,Agra,Wheat,2187,2341,2264,Rs./quintal
2026-05-02,Uttar Pradesh,Agra,Wheat,2157,2336,2254,Rs./quintal
2026-05-05,Uttar Pradesh,Agra,Wheat,2153,2371,2263,Rs./quintal
2026-05-08,Uttar Pradesh,Agra,Wheat,2156,2334,2234,Rs./quintal
2026-05-11,Uttar Pradesh,Agra,Wheat,2120,2431,2274,Rs./quintal
2026-05-14,Uttar Pradesh,Agra,Wheat,2212,2453,2308,Rs./quintal
2026-05-17,Uttar Pradesh,Agra,Wheat,2165,2376,2239,Rs./quintal
2026-05-20,Uttar Pradesh,Agra,Wheat,2171,2368,2288,Rs./quintal
2026-05-23,Uttar Pradesh,Agra,Wheat,2150,2344,2264,Rs./quintal
2026-05-26,Uttar Pradesh,Agra,Wheat,2161,2318,2240,Rs./quintal
2026-05-29,Uttar Pradesh,Agra,Wheat,2128,2432,2269,Rs./quintal
2026-06-01,Uttar Pradesh,Agra,Wheat,2161,2359,2288,Rs./quintal
2026-06-04,Uttar Pradesh,Agra,Wheat,2173,2321,2245,Rs./quintal
2026-06-07,Uttar Pradesh,Agra,Wheat,2186,2435,2329,Rs./quintal
2026-06-10,Uttar Pradesh,Agra,Wheat,2267,2452,2360,Rs./quintal
2026-06-13,Uttar Pradesh,Agra,Wheat,2077,2367,2236,Rs./quintal
2026-06-16,Uttar Pradesh,Agra,Wheat,2136,2501,2318,Rs./quintal
2026-06-19,Uttar Pradesh,Agra,Wheat,2240,2516,2372,Rs./quintal
2026-06-22,Uttar Pradesh,Agra,Wheat,2143,2465,2310,Rs./quintal
2026-06-25,Uttar Pradesh,Agra,Wheat,2197,2437,2363,Rs./quintal
2026-06-28,Uttar Pradesh,Agra,Wheat,2116,2322,2238,Rs./quintal
2026-07-01,Uttar Pradesh,Agra,Wheat,2213,2488,2390,Rs./quintal
2026-07-04,Uttar Pradesh,Agra,Wheat,2154,2468,2314,Rs./quintal
2026-07-07,Uttar Pradesh,Agra,Wheat,2240,2530,2400,Rs./quintal
2026-07-10,Uttar Pradesh,Agra,Wheat,2252,2540,2402,Rs./quintal
2026-07-13,Uttar Pradesh,Agra,Wheat,2210,2436,2309,Rs./quintal
2026-07-16,Uttar Pradesh,Agra,Wheat,2200,2433,2340,Rs./quintal
2026-07-19,Uttar Pradesh,Agra,Wheat,2187,2462,2292,Rs./quintal
2026-07-22,Uttar Pradesh,Agra,Wheat,2168,2444,2307,Rs./quintal
2026-07-25,Uttar Pradesh,Agra,Wheat,2223,2542,2376,Rs./quintal
2026-07-28,Uttar Pradesh,Agra,Wheat,2268,2580,2402,Rs./quintal
2026-07-31,Uttar Pradesh,Agra,Wheat,2228,2492,2327,Rs./quintal
2026-02-01,Uttar Pradesh,Agra,Rice,2347,2638,2493,Rs./quintal
2026-02-04,Uttar Pradesh,Agra,Rice,2345,2546,2464,Rs./quintal
2026-02-07,Uttar Pradesh,Agra,Rice,2248,2575,2439,Rs./quintal
2026-02-10,Uttar Pradesh,Agra,Rice,2328,2669,2491,Rs./quintal
2026-02-13,Uttar Pradesh,Agra,Rice,2419,2617,2498,Rs./quintal
2026-02-16,Uttar Pradesh,Agra,Rice,2250,2534,2422,Rs./quintal
2026-02-19,Uttar Pradesh,Agra,Rice,2360,2601,2516,Rs./quintal
2026-02-22,Uttar Pradesh,Agra,Rice,2346,2672,2500,Rs./quintal
2026-02-25,Uttar Pradesh,Agra,Rice,2277,2507,2433,Rs./quintal
2026-02-28,Uttar Pradesh,Agra,Rice,2319,2631,2459,Rs./quintal
2026-03-03,Uttar Pradesh,Agra,Rice,2422,2681,2555,Rs./quintal
2026-03-06,Uttar Pradesh,Agra,Rice,2383,2606,2518,Rs./quintal
2026-03-09,Uttar Pradesh,Agra,Rice,2354,2661,2477,Rs./quintal
2026-03-12,Uttar Pradesh,Agra,Rice,2356,2740,2550,Rs./quintal
2026-03-15,Uttar Pradesh,Agra,Rice,2390,2609,2495,Rs./quintal
2026-03-18,Uttar Pradesh,Agra,Rice,2308,2656,2482,Rs./quintal
2026-03-21,Uttar Pradesh,Agra,Rice,2429,2633,2505,Rs./quintal
2026-03-24,Uttar Pradesh,Agra,Rice,2282,2572,2458,Rs./quintal
2026-03-27,Uttar Pradesh,Agra,Rice,2363,2600,2490,Rs./quintal
2026-03-30,Uttar Pradesh,Agra,Rice,2429,2723,2523,Rs./quintal
2026-04-02,Uttar Pradesh,Agra,Rice,2412,2768,2582,Rs./quintal
2026-04-05,Uttar Pradesh,Agra,Rice,2429,2709,2518,Rs./quintal
2026-04-08,Uttar Pradesh,Agra,Rice,2354,2555,2472,Rs./quintal
2026-04-11,Uttar Pradesh,Agra,Rice,2380,2643,2479,Rs./quintal
2026-04-14,Uttar Pradesh,Agra,Rice,2395,2626,2501,Rs./quintal
2026-04-17,Uttar Pradesh,Agra,Rice,2374,2691,2537,Rs./quintal
2026-04-20,Uttar Pradesh,Agra,Rice,2402,2649,2516,Rs./quintal
2026-04-23,Uttar Pradesh,Agra,Rice,2493,2667,2574,Rs./quintal
2026-04-26,Uttar Pradesh,Agra,Rice,2391,2593,2514,Rs./quintal
2026-04-29,Uttar Pradesh,Agra,Rice,2276,2560,2473,Rs./quintal
2026-05-02,Uttar Pradesh,Agra,Rice,2417,2664,2533,Rs./quintal
2026-05-05,Uttar Pradesh,Agra,Rice,2336,2702,2513,Rs./quintal
2026-05-08,Uttar Pradesh,Agra,Rice,2451,2741,2539,Rs./quintal
2026-05-11,Uttar Pradesh,Agra,Rice,2515,2723,2611,Rs./quintal
2026-05-14,Uttar Pradesh,Agra,Rice,2399,2793,2592,Rs./quintal
2026-05-17,Uttar Pradesh,Agra,Rice,2342,2653,2501,Rs./quintal
2026-05-20,Uttar Pradesh,Agra,Rice,2422,2695,2595,Rs./quintal
2026-05-23,Uttar Pradesh,Agra,Rice,2366,2600,2509,Rs./quintal
2026-05-26,Uttar Pradesh,Agra,Rice,2491,2794,2601,Rs./quintal
2026-05-29,Uttar Pradesh,Agra,Rice,2460,2752,2615,Rs./quintal
2026-06-01,Uttar Pradesh,Agra,Rice,2396,2681,2532,Rs./quintal
2026-06-04,Uttar Pradesh,Agra,Rice,2521,2722,2602,Rs./quintal
2026-06-07,Uttar Pradesh,Agra,Rice,2432,2724,2611,Rs./quintal
2026-06-10,Uttar Pradesh,Agra,Rice,2361,2703,2555,Rs./quintal
2026-06-13,Uttar Pradesh,Agra,Rice,2505,2805,2629,Rs./quintal
2026-06-16,Uttar Pradesh,Agra,Rice,2349,2743,2543,Rs./quintal
2026-06-19,Uttar Pradesh,Agra,Rice,2324,2627,2524,Rs./quintal
2026-06-22,Uttar Pradesh,Agra,Rice,2437,2714,2622,Rs./quintal
2026-06-25,Uttar Pradesh,Agra,Rice,2415,2686,2543,Rs./quintal
2026-06-28,Uttar Pradesh,Agra,Rice,2517,2747,2627,Rs./quintal
2026-07-01,Uttar Pradesh,Agra,Rice,2413,2745,2601,Rs./quintal
2026-07-04,Uttar Pradesh,Agra,Rice,2477,2789,2661,Rs./quintal
2026-07-07,Uttar Pradesh,Agra,Rice,2571,2818,2669,Rs./quintal
2026-07-10,Uttar Pradesh,Agra,Rice,2456,2759,2643,Rs./quintal
2026-07-13,Uttar Pradesh,Agra,Rice,2397,2751,2563,Rs./quintal
2026-07-16,Uttar Pradesh,Agra,Rice,2435,2820,2626,Rs./quintal
2026-07-19,Uttar Pradesh,Agra,Rice,2460,2836,2639,Rs./quintal
2026-07-22,Uttar Pradesh,Agra,Rice,2364,2728,2566,Rs./quintal
2026-07-25,Uttar Pradesh,Agra,Rice,2427,2799,2600,Rs./quintal
2026-07-28,Uttar Pradesh,Agra,Rice,2403,2648,2552,Rs./quintal
2026-07-31,Uttar Pradesh,Agra,Rice,2465,2692,2607,Rs./quintal
2026-02-01,Uttar Pradesh,Agra,Soybean,3841,4302,4033,Rs./quintal
2026-02-04,Uttar Pradesh,Agra,Soybean,3898,4379,4170,Rs./quintal
2026-02-07,Uttar Pradesh,Agra,Soybean,4015,4474,4242,Rs./quintal
2026-02-10,Uttar Pradesh,Agra,Soybean,3982,4434,4174,Rs./quintal
2026-02-13,Uttar Pradesh,Agra,Soybean,4092,4539,4395,Rs./quintal
2026-02-16,Uttar Pradesh,Agra,Soybean,3740,4140,4007,Rs./quintal
2026-02-19,Uttar Pradesh,Agra,Soybean,3758,4281,4035,Rs./quintal
2026-02-22,Uttar Pradesh,Agra,Soybean,4034,4444,4293,Rs./quintal
2026-02-25,Uttar Pradesh,Agra,Soybean,4146,4488,4301,Rs./quintal
2026-02-28,Uttar Pradesh,Agra,Soybean,3913,4272,4079,Rs./quintal
2026-03-03,Uttar Pradesh,Agra,Soybean,3829,4300,4031,Rs./quintal
2026-03-06,Uttar Pradesh,Agra,Soybean,3734,4208,3951,Rs./quintal
2026-03-09,Uttar Pradesh,Agra,Soybean,3843,4419,4109,Rs./quintal
2026-03-12,Uttar Pradesh,Agra,Soybean,3753,4145,4011,Rs./quintal
2026-03-15,Uttar Pradesh,Agra,Soybean,3849,4137,3989,Rs./quintal
2026-03-18,Uttar Pradesh,Agra,Soybean,3698,4101,3918,Rs./quintal
2026-03-21,Uttar Pradesh,Agra,Soybean,3719,4120,3985,Rs./quintal
2026-03-24,Uttar Pradesh,Agra,Soybean,4035,4442,4192,Rs./quintal
2026-03-27,Uttar Pradesh,Agra,Soybean,4093,4547,4312,Rs./quintal
2026-03-30,Uttar Pradesh,Agra,Soybean,3715,4299,4014,Rs./quintal
2026-04-02,Uttar Pradesh,Agra,Soybean,3939,4355,4063,Rs./quintal
2026-04-05,Uttar Pradesh,Agra,Soybean,3756,4197,4046,Rs./quintal
2026-04-08,Uttar Pradesh,Agra,Soybean,3621,4131,3872,Rs./quintal
2026-04-11,Uttar Pradesh,Agra,Soybean,3843,4336,4017,Rs./quintal
2026-04-14,Uttar Pradesh,Agra,Soybean,3719,4128,3938,Rs./quintal
2026-04-17,Uttar Pradesh,Agra,Soybean,3600,4090,3839,Rs./quintal
2026-04-20,Uttar Pradesh,Agra,Soybean,4021,4500,4194,Rs./quintal
2026-04-23,Uttar Pradesh,Agra,Soybean,3987,4348,4198,Rs./quintal
2026-04-26,Uttar Pradesh,Agra,Soybean,3932,4239,4111,Rs./quintal
2026-04-29,Uttar Pradesh,Agra,Soybean,4072,4495,4229,Rs./quintal
2026-05-02,Uttar Pradesh,Agra,Soybean,3603,3974,3813,Rs./quintal
2026-05-05,Uttar Pradesh,Agra,Soybean,3923,4244,4050,Rs./quintal
2026-05-08,Uttar Pradesh,Agra,Soybean,3767,4367,4052,Rs./quintal
2026-05-11,Uttar Pradesh,Agra,Soybean,3883,4306,4010,Rs./quintal
2026-05-14,Uttar Pradesh,Agra,Soybean,3885,4237,4026,Rs./quintal
2026-05-17,Uttar Pradesh,Agra,Soybean,3914,4315,4136,Rs./quintal
2026-05-20,Uttar Pradesh,Agra,Soybean,3883,4225,4026,Rs./quintal
2026-05-23,Uttar Pradesh,Agra,Soybean,3803,4100,3922,Rs./quintal
2026-05-26,Uttar Pradesh,Agra,Soybean,3570,3952,3774,Rs./quintal
2026-05-29,Uttar Pradesh,Agra,Soybean,3767,4211,4000,Rs./quintal
2026-06-01,Uttar Pradesh,Agra,Soybean,3893,4237,4057,Rs./quintal
2026-06-04,Uttar Pradesh,Agra,Soybean,3835,4319,4058,Rs./quintal
2026-06-07,Uttar Pradesh,Agra,Soybean,3583,4166,3863,Rs./quintal
2026-06-10,Uttar Pradesh,Agra,Soybean,3740,4101,3924,Rs./quintal
2026-06-13,Uttar Pradesh,Agra,Soybean,3642,3911,3794,Rs./quintal
2026-06-16,Uttar Pradesh,Agra,Soybean,3454,3919,3698,Rs./quintal
2026-06-19,Uttar Pradesh,Agra,Soybean,3463,3894,3703,Rs./quintal
2026-06-22,Uttar Pradesh,Agra,Soybean,3623,4106,3938,Rs./quintal
2026-06-25,Uttar Pradesh,Agra,Soybean,3567,4097,3818,Rs./quintal
2026-06-28,Uttar Pradesh,Agra,Soybean,3776,4089,3940,Rs./quintal
2026-07-01,Uttar Pradesh,Agra,Soybean,3399,3932,3641,Rs./quintal
2026-07-04,Uttar Pradesh,Agra,Soybean,3496,3808,3683,Rs./quintal
2026-07-07,Uttar Pradesh,Agra,Soybean,3484,3868,3692,Rs./quintal
2026-07-10,Uttar Pradesh,Agra,Soybean,3728,4117,3917,Rs./quintal
2026-07-13,Uttar Pradesh,Agra,Soybean,3677,4147,3976,Rs./quintal
2026-07-16,Uttar Pradesh,Agra,Soybean,3483,3940,3723,Rs./quintal
2026-07-19,Uttar Pradesh,Agra,Soybean,3619,4094,3866,Rs./quintal
2026-07-22,Uttar Pradesh,Agra,Soybean,3597,4010,3868,Rs./quintal
2026-07-25,Uttar Pradesh,Agra,Soybean,3571,3950,3819,Rs./quintal
2026-07-28,Uttar Pradesh,Agra,Soybean,3638,4043,3824,Rs./quintal
2026-07-31,Uttar Pradesh,Agra,Soybean,3615,3945,3751,Rs./quintal
2026-02-01,Uttar Pradesh,Agra,Onion,1241,1428,1326,Rs./quintal
2026-02-04,Uttar Pradesh,Agra,Onion,1354,1509,1435,Rs./quintal
2026-02-07,Uttar Pradesh,Agra,Onion,1239,1358,1317,Rs./quintal
2026-02-10,Uttar Pradesh,Agra,Onion,1329,1443,1373,Rs./quintal
2026-02-13,Uttar Pradesh,Agra,Onion,1381,1519,1453,Rs./quintal
2026-02-16,Uttar Pradesh,Agra,Onion,1177,1290,1245,Rs./quintal
2026-02-19,Uttar Pradesh,Agra,Onion,1296,1428,1367,Rs./quintal
2026-02-22,Uttar Pradesh,Agra,Onion,1365,1526,1453,Rs./quintal
2026-02-25,Uttar Pradesh,Agra,Onion,1103,1234,1149,Rs./quintal
2026-02-28,Uttar Pradesh,Agra,Onion,1230,1377,1333,Rs./quintal
2026-03-03,Uttar Pradesh,Agra,Onion,1497,1645,1572,Rs./quintal
2026-03-06,Uttar Pradesh,Agra,Onion,1176,1326,1258,Rs./quintal
2026-03-09,Uttar Pradesh,Agra,Onion,1253,1449,1358,Rs./quintal
2026-03-12,Uttar Pradesh,Agra,Onion,1440,1554,1505,Rs./quintal
2026-03-15,Uttar Pradesh,Agra,Onion,1209,1391,1304,Rs./quintal
2026-03-18,Uttar Pradesh,Agra,Onion,1330,1519,1428,Rs./quintal
2026-03-21,Uttar Pradesh,Agra,Onion,1479,1654,1582,Rs./quintal
2026-03-24,Uttar Pradesh,Agra,Onion,1509,1729,1640,Rs./quintal
2026-03-27,Uttar Pradesh,Agra,Onion,1399,1556,1511,Rs./quintal
2026-03-30,Uttar Pradesh,Agra,Onion,1366,1526,1475,Rs./quintal
2026-04-02,Uttar Pradesh,Agra,Onion,1304,1481,1382,Rs./quintal
2026-04-05,Uttar Pradesh,Agra,Onion,1376,1545,1491,Rs./quintal
2026-04-08,Uttar Pradesh,Agra,Onion,1428,1578,1473,Rs./quintal
2026-04-11,Uttar Pradesh,Agra,Onion,1584,1791,1672,Rs./quintal
2026-04-14,Uttar Pradesh,Agra,Onion,1540,1696,1599,Rs./quintal
2026-04-17,Uttar Pradesh,Agra,Onion,1413,1543,1485,Rs./quintal
2026-04-20,Uttar Pradesh,Agra,Onion,1583,1725,1661,Rs./quintal
2026-04-23,Uttar Pradesh,Agra,Onion,1540,1713,1626,Rs./quintal
2026-04-26,Uttar Pradesh,Agra,Onion,1355,1532,1421,Rs./quintal
2026-04-29,Uttar Pradesh,Agra,Onion,1442,1588,1513,Rs./quintal
2026-05-02,Uttar Pradesh,Agra,Onion,1575,1789,1702,Rs./quintal
2026-05-05,Uttar Pradesh,Agra,Onion,1448,1654,1571,Rs./quintal
2026-05-08,Uttar Pradesh,Agra,Onion,1508,1712,1638,Rs./quintal
2026-05-11,Uttar Pradesh,Agra,Onion,1618,1779,1677,Rs./quintal
2026-05-14,Uttar Pradesh,Agra,Onion,1339,1495,1387,Rs./quintal
2026-05-17,Uttar Pradesh,Agra,Onion,1522,1662,1592,Rs./quintal
2026-05-20,Uttar Pradesh,Agra,Onion,1725,1973,1839,Rs./quintal
2026-05-23,Uttar Pradesh,Agra,Onion,1508,1714,1609,Rs./quintal
2026-05-26,Uttar Pradesh,Agra,Onion,1435,1652,1554,Rs./quintal
2026-05-29,Uttar Pradesh,Agra,Onion,1468,1608,1536,Rs./quintal
2026-06-01,Uttar Pradesh,Agra,Onion,1740,1894,1814,Rs./quintal
2026-06-04,Uttar Pradesh,Agra,Onion,1719,1929,1838,Rs./quintal
2026-06-07,Uttar Pradesh,Agra,Onion,1825,2010,1916,Rs./quintal
2026-06-10,Uttar Pradesh,Agra,Onion,1610,1788,1689,Rs./quintal
2026-06-13,Uttar Pradesh,Agra,Onion,1843,2030,1922,Rs./quintal
2026-06-16,Uttar Pradesh,Agra,Onion,1417,1632,1514,Rs./quintal
2026-06-19,Uttar Pradesh,Agra,Onion,1546,1708,1626,Rs./quintal
2026-06-22,Uttar Pradesh,Agra,Onion,1416,1527,1471,Rs./quintal
2026-06-25,Uttar Pradesh,Agra,Onion,1385,1612,1497,Rs./quintal
2026-06-28,Uttar Pradesh,Agra,Onion,1621,1826,1692,Rs./quintal
2026-07-01,Uttar Pradesh,Agra,Onion,1887,2056,1973,Rs./quintal
2026-07-04,Uttar Pradesh,Agra,Onion,1878,2173,2022,Rs./quintal
2026-07-07,Uttar Pradesh,Agra,Onion,1829,2009,1944,Rs./quintal
2026-07-10,Uttar Pradesh,Agra,Onion,1727,2001,1866,Rs./quintal
2026-07-13,Uttar Pradesh,Agra,Onion,1508,1669,1574,Rs./quintal
2026-07-16,Uttar Pradesh,Agra,Onion,1923,2082,1990,Rs./quintal
2026-07-19,Uttar Pradesh,Agra,Onion,1796,2065,1913,Rs./quintal
2026-07-22,Uttar Pradesh,Agra,Onion,1717,1925,1846,Rs./quintal
2026-07-25,Uttar Pradesh,Agra,Onion,1656,1843,1772,Rs./quintal
2026-07-28,Uttar Pradesh,Agra,Onion,1559,1737,1623,Rs./quintal
2026-07-31,Uttar Pradesh,Agra,Onion,1556,1740,1639,Rs./quintal
2026-02-01,Uttar Pradesh,Agra,Tomato,1033,1156,1076,Rs./quintal
2026-02-04,Uttar Pradesh,Agra,Tomato,1083,1218,1152,Rs./quintal
2026-02-07,Uttar Pradesh,Agra,Tomato,939,1078,1011,Rs./quintal
2026-02-10,Uttar Pradesh,Agra,Tomato,1353,1499,1421,Rs./quintal
2026-02-13,Uttar Pradesh,Agra,Tomato,1311,1456,1382,Rs./quintal
2026-02-16,Uttar Pradesh,Agra,Tomato,1092,1215,1148,Rs./quintal
2026-02-19,Uttar Pradesh,Agra,Tomato,963,1097,1043,Rs./quintal
2026-02-22,Uttar Pradesh,Agra,Tomato,1071,1199,1160,Rs./quintal
2026-02-25,Uttar Pradesh,Agra,Tomato,1270,1407,1358,Rs./quintal
2026-02-28,Uttar Pradesh,Agra,Tomato,1035,1140,1089,Rs./quintal
2026-03-03,Uttar Pradesh,Agra,Tomato,1133,1261,1172,Rs./quintal
2026-03-06,Uttar Pradesh,Agra,Tomato,1134,1227,1187,Rs./quintal
2026-03-09,Uttar Pradesh,Agra,Tomato,1466,1565,1514,Rs./quintal
2026-03-12,Uttar Pradesh,Agra,Tomato,1307,1462,1358,Rs./quintal
2026-03-15,Uttar Pradesh,Agra,Tomato,1239,1361,1318,Rs./quintal
2026-03-18,Uttar Pradesh,Agra,Tomato,1316,1498,1422,Rs./quintal
2026-03-21,Uttar Pradesh,Agra,Tomato,1435,1586,1538,Rs./quintal
2026-03-24,Uttar Pradesh,Agra,Tomato,1150,1290,1232,Rs./quintal
2026-03-27,Uttar Pradesh,Agra,Tomato,1351,1541,1457,Rs./quintal
2026-03-30,Uttar Pradesh,Agra,Tomato,1392,1532,1441,Rs./quintal
2026-04-02,Uttar Pradesh,Agra,Tomato,1527,1694,1639,Rs./quintal
2026-04-05,Uttar Pradesh,Agra,Tomato,1620,1787,1678,Rs./quintal
2026-04-08,Uttar Pradesh,Agra,Tomato,1451,1698,1574,Rs./quintal
2026-04-11,Uttar Pradesh,Agra,Tomato,1595,1781,1679,Rs./quintal
2026-04-14,Uttar Pradesh,Agra,Tomato,1123,1277,1185,Rs./quintal
2026-04-17,Uttar Pradesh,Agra,Tomato,1192,1334,1293,Rs./quintal
2026-04-20,Uttar Pradesh,Agra,Tomato,1360,1502,1428,Rs./quintal
2026-04-23,Uttar Pradesh,Agra,Tomato,1262,1414,1311,Rs./quintal
2026-04-26,Uttar Pradesh,Agra,Tomato,1062,1230,1151,Rs./quintal
2026-04-29,Uttar Pradesh,Agra,Tomato,1516,1718,1601,Rs./quintal
2026-05-02,Uttar Pradesh,Agra,Tomato,1578,1744,1649,Rs./quintal
2026-05-05,Uttar Pradesh,Agra,Tomato,1209,1344,1262,Rs./quintal
2026-05-08,Uttar Pradesh,Agra,Tomato,1406,1549,1494,Rs./quintal
2026-05-11,Uttar Pradesh,Agra,Tomato,1446,1618,1499,Rs./quintal
2026-05-14,Uttar Pradesh,Agra,Tomato,1354,1531,1456,Rs./quintal
2026-05-17,Uttar Pradesh,Agra,Tomato,1178,1340,1265,Rs./quintal
2026-05-20,Uttar Pradesh,Agra,Tomato,1311,1471,1369,Rs./quintal
2026-05-23,Uttar Pradesh,Agra,Tomato,1628,1854,1717,Rs./quintal
2026-05-26,Uttar Pradesh,Agra,Tomato,1184,1327,1239,Rs./quintal
2026-05-29,Uttar Pradesh,Agra,Tomato,1183,1327,1277,Rs./quintal
2026-06-01,Uttar Pradesh,Agra,Tomato,1272,1442,1357,Rs./quintal
2026-06-04,Uttar Pradesh,Agra,Tomato,1393,1580,1490,Rs./quintal
2026-06-07,Uttar Pradesh,Agra,Tomato,1524,1702,1646,Rs./quintal
2026-06-10,Uttar Pradesh,Agra,Tomato,1415,1576,1494,Rs./quintal
2026-06-13,Uttar Pradesh,Agra,Tomato,1703,1954,1816,Rs./quintal
2026-06-16,Uttar Pradesh,Agra,Tomato,1409,1588,1474,Rs./quintal
2026-06-19,Uttar Pradesh,Agra,Tomato,1725,1962,1846,Rs./quintal
2026-06-22,Uttar Pradesh,Agra,Tomato,1566,1787,1678,Rs./quintal
2026-06-25,Uttar Pradesh,Agra,Tomato,1534,1787,1662,Rs./quintal
2026-06-28,Uttar Pradesh,Agra,Tomato,1709,1876,1797,Rs./quintal
2026-07-01,Uttar Pradesh,Agra,Tomato,1464,1704,1580,Rs./quintal
2026-07-04,Uttar Pradesh,Agra,Tomato,1531,1665,1600,Rs./quintal
2026-07-07,Uttar Pradesh,Agra,Tomato,1634,1764,1701,Rs./quintal
2026-07-10,Uttar Pradesh,Agra,Tomato,2040,2269,2136,Rs./quintal
2026-07-13,Uttar Pradesh,Agra,Tomato,1629,1857,1760,Rs./quintal
2026-07-16,Uttar Pradesh,Agra,Tomato,1363,1531,1459,Rs./quintal
2026-07-19,Uttar Pradesh,Agra,Tomato,1874,2117,2028,Rs./quintal
2026-07-22,Uttar Pradesh,Agra,Tomato,1769,2009,1872,Rs./quintal
2026-07-25,Uttar Pradesh,Agra,Tomato,1577,1779,1710,Rs./quintal
2026-07-28,Uttar Pradesh,Agra,Tomato,1475,1618,1567,Rs./quintal
2026-07-31,Uttar Pradesh,Agra,Tomato,1566,1731,1653,Rs./quintal
2026-02-01,Uttar Pradesh,Lucknow,Wheat,1988,2218,2061,Rs./quintal
2026-02-04,Uttar Pradesh,Lucknow,Wheat,2015,2223,2098,Rs./quintal
2026-02-07,Uttar Pradesh,Lucknow,Wheat,1949,2229,2080,Rs./quintal
2026-02-10,Uttar Pradesh,Lucknow,Wheat,1920,2176,2040,Rs./quintal
2026-02-13,Uttar Pradesh,Lucknow,Wheat,1917,2151,2077,Rs./quintal
2026-02-16,Uttar Pradesh,Lucknow,Wheat,1945,2164,2034,Rs./quintal
2026-02-19,Uttar Pradesh,Lucknow,Wheat,2023,2203,2092,Rs./quintal
2026-02-22,Uttar Pradesh,Lucknow,Wheat,1951,2172,2057,Rs./quintal
2026-02-25,Uttar Pradesh,Lucknow,Wheat,1885,2142,2007,Rs./quintal
2026-02-28,Uttar Pradesh,Lucknow,Wheat,1946,2165,2100,Rs./quintal
2026-03-03,Uttar Pradesh,Lucknow,Wheat,2047,2189,2116,Rs./quintal
2026-03-06,Uttar Pradesh,Lucknow,Wheat,1940,2144,2048,Rs./quintal
2026-03-09,Uttar Pradesh,Lucknow,Wheat,1964,2165,2066,Rs./quintal
2026-03-12,Uttar Pradesh,Lucknow,Wheat,2013,2247,2099,Rs./quintal
2026-03-15,Uttar Pradesh,Lucknow,Wheat,1938,2214,2092,Rs./quintal
2026-03-18,Uttar Pradesh,Lucknow,Wheat,1919,2136,2056,Rs./quintal
2026-03-21,Uttar Pradesh,Lucknow,Wheat,1954,2185,2074,Rs./quintal
2026-03-24,Uttar Pradesh,Lucknow,Wheat,2017,2291,2137,Rs./quintal
2026-03-27,Uttar Pradesh,Lucknow,Wheat,1886,2201,2044,Rs./quintal
2026-03-30,Uttar Pradesh,Lucknow,Wheat,1950,2145,2051,Rs./quintal
2026-04-02,Uttar Pradesh,Lucknow,Wheat,1909,2195,2055,Rs./quintal
2026-04-05,Uttar Pradesh,Lucknow,Wheat,2006,2158,2082,Rs./quintal
2026-04-08,Uttar Pradesh,Lucknow,Wheat,1972,2255,2126,Rs./quintal
2026-04-11,Uttar Pradesh,Lucknow,Wheat,1901,2119,2053,Rs./quintal
2026-04-14,Uttar Pradesh,Lucknow,Wheat,2054,2259,2133,Rs./quintal
2026-04-17,Uttar Pradesh,Lucknow,Wheat,1961,2120,2052,Rs./quintal
2026-04-20,Uttar Pradesh,Lucknow,Wheat,1994,2229,2137,Rs./quintal
2026-04-23,Uttar Pradesh,Lucknow,Wheat,2054,2235,2133,Rs./quintal
2026-04-26,Uttar Pradesh,Lucknow,Wheat,2031,2240,2138,Rs./quintal
2026-04-29,Uttar Pradesh,Lucknow,Wheat,1938,2171,2057,Rs./quintal
2026-05-02,Uttar Pradesh,Lucknow,Wheat,1974,2210,2108,Rs./quintal
2026-05-05,Uttar Pradesh,Lucknow,Wheat,2054,2319,2183,Rs./quintal
2026-05-08,Uttar Pradesh,Lucknow,Wheat,2030,2291,2190,Rs./quintal
2026-05-11,Uttar Pradesh,Lucknow,Wheat,2041,2289,2179,Rs./quintal
2026-05-14,Uttar Pradesh,Lucknow,Wheat,2039,2331,2161,Rs./quintal
2026-05-17,Uttar Pradesh,Lucknow,Wheat,2002,2227,2157,Rs./quintal
2026-05-20,Uttar Pradesh,Lucknow,Wheat,2121,2266,2197,Rs./quintal
2026-05-23,Uttar Pradesh,Lucknow,Wheat,2071,2276,2156,Rs./quintal
2026-05-26,Uttar Pradesh,Lucknow,Wheat,2059,2307,2178,Rs./quintal
2026-05-29,Uttar Pradesh,Lucknow,Wheat,1975,2274,2122,Rs./quintal
2026-06-01,Uttar Pradesh,Lucknow,Wheat,2021,2217,2113,Rs./quintal
2026-06-04,Uttar Pradesh,Lucknow,Wheat,2069,2315,2239,Rs./quintal
2026-06-07,Uttar Pradesh,Lucknow,Wheat,2078,2354,2231,Rs./quintal
2026-06-10,Uttar Pradesh,Lucknow,Wheat,2068,2294,2183,Rs./quintal
2026-06-13,Uttar Pradesh,Lucknow,Wheat,2121,2328,2204,Rs./quintal
2026-06-16,Uttar Pradesh,Lucknow,Wheat,1996,2234,2115,Rs./quintal
2026-06-19,Uttar Pradesh,Lucknow,Wheat,2022,2322,2166,Rs./quintal
2026-06-22,Uttar Pradesh,Lucknow,Wheat,2001,2238,2147,Rs./quintal
2026-06-25,Uttar Pradesh,Lucknow,Wheat,2072,2326,2209,Rs./quintal
2026-06-28,Uttar Pradesh,Lucknow,Wheat,2042,2299,2206,Rs./quintal
2026-07-01,Uttar Pradesh,Lucknow,Wheat,2156,2345,2237,Rs./quintal
2026-07-04,Uttar Pradesh,Lucknow,Wheat,2067,2353,2187,Rs./quintal
2026-07-07,Uttar Pradesh,Lucknow,Wheat,2116,2344,2227,Rs./quintal
2026-07-10,Uttar Pradesh,Lucknow,Wheat,2083,2353,2196,Rs./quintal
2026-07-13,Uttar Pradesh,Lucknow,Wheat,2042,2305,2157,Rs./quintal
2026-07-16,Uttar Pradesh,Lucknow,Wheat,2083,2275,2194,Rs./quintal
2026-07-19,Uttar Pradesh,Lucknow,Wheat,2032,2274,2175,Rs./quintal
2026-07-22,Uttar Pradesh,Lucknow,Wheat,2024,2321,2151,Rs./quintal
2026-07-25,Uttar Pradesh,Lucknow,Wheat,2109,2368,2216,Rs./quintal
2026-07-28,Uttar Pradesh,Lucknow,Wheat,2177,2329,2259,Rs./quintal
2026-07-31,Uttar Pradesh,Lucknow,Wheat,2012,2280,2156,Rs./quintal
2026-02-01,Uttar Pradesh,Lucknow,Rice,2395,2668,2586,Rs./quintal
2026-02-04,Uttar Pradesh,Lucknow,Rice,2431,2749,2547,Rs./quintal
2026-02-07,Uttar Pradesh,Lucknow,Rice,2416,2698,2508,Rs./quintal
2026-02-10,Uttar Pradesh,Lucknow,Rice,2445,2738,2607,Rs./quintal
2026-02-13,Uttar Pradesh,Lucknow,Rice,2449,2655,2563,Rs./quintal
2026-02-16,Uttar Pradesh,Lucknow,Rice,2515,2761,2606,Rs./quintal
2026-02-19,Uttar Pradesh,Lucknow,Rice,2492,2653,2570,Rs./quintal
2026-02-22,Uttar Pradesh,Lucknow,Rice,2425,2722,2586,Rs./quintal
2026-02-25,Uttar Pradesh,Lucknow,Rice,2398,2727,2544,Rs./quintal
2026-02-28,Uttar Pradesh,Lucknow,Rice,2386,2621,2528,Rs./quintal
2026-03-03,Uttar Pradesh,Lucknow,Rice,2434,2733,2540,Rs./quintal
2026-03-06,Uttar Pradesh,Lucknow,Rice,2437,2834,2637,Rs./quintal
2026-03-09,Uttar Pradesh,Lucknow,Rice,2434,2755,2593,Rs./quintal
2026-03-12,Uttar Pradesh,Lucknow,Rice,2416,2707,2565,Rs./quintal
2026-03-15,Uttar Pradesh,Lucknow,Rice,2507,2682,2592,Rs./quintal
2026-03-18,Uttar Pradesh,Lucknow,Rice,2394,2704,2555,Rs./quintal
2026-03-21,Uttar Pradesh,Lucknow,Rice,2498,2822,2632,Rs./quintal
2026-03-24,Uttar Pradesh,Lucknow,Rice,2407,2689,2571,Rs./quintal
2026-03-27,Uttar Pradesh,Lucknow,Rice,2354,2719,2539,Rs./quintal
2026-03-30,Uttar Pradesh,Lucknow,Rice,2531,2717,2611,Rs./quintal
2026-04-02,Uttar Pradesh,Lucknow,Rice,2475,2768,2609,Rs./quintal
2026-04-05,Uttar Pradesh,Lucknow,Rice,2387,2647,2555,Rs./quintal
2026-04-08,Uttar Pradesh,Lucknow,Rice,2427,2768,2577,Rs./quintal
2026-04-11,Uttar Pradesh,Lucknow,Rice,2491,2784,2579,Rs./quintal
2026-04-14,Uttar Pradesh,Lucknow,Rice,2551,2807,2640,Rs./quintal
2026-04-17,Uttar Pradesh,Lucknow,Rice,2382,2744,2560,Rs./quintal
2026-04-20,Uttar Pradesh,Lucknow,Rice,2432,2838,2640,Rs./quintal
2026-04-23,Uttar Pradesh,Lucknow,Rice,2526,2854,2667,Rs./quintal
2026-04-26,Uttar Pradesh,Lucknow,Rice,2444,2622,2542,Rs./quintal
2026-04-29,Uttar Pradesh,Lucknow,Rice,2483,2718,2568,Rs./quintal
2026-05-02,Uttar Pradesh,Lucknow,Rice,2519,2854,2663,Rs./quintal
2026-05-05,Uttar Pradesh,Lucknow,Rice,2412,2776,2606,Rs./quintal
2026-05-08,Uttar Pradesh,Lucknow,Rice,2523,2816,2678,Rs./quintal
2026-05-11,Uttar Pradesh,Lucknow,Rice,2506,2809,2602,Rs./quintal
2026-05-14,Uttar Pradesh,Lucknow,Rice,2465,2790,2663,Rs./quintal
2026-05-17,Uttar Pradesh,Lucknow,Rice,2473,2748,2577,Rs./quintal
2026-05-20,Uttar Pradesh,Lucknow,Rice,2467,2724,2610,Rs./quintal
2026-05-23,Uttar Pradesh,Lucknow,Rice,2506,2832,2650,Rs./quintal
2026-05-26,Uttar Pradesh,Lucknow,Rice,2489,2863,2660,Rs./quintal
2026-05-29,Uttar Pradesh,Lucknow,Rice,2536,2807,2624,Rs./quintal
2026-06-01,Uttar Pradesh,Lucknow,Rice,2535,2801,2635,Rs./quintal
2026-06-04,Uttar Pradesh,Lucknow,Rice,2497,2876,2709,Rs./quintal
2026-06-07,Uttar Pradesh,Lucknow,Rice,2404,2721,2594,Rs./quintal
2026-06-10,Uttar Pradesh,Lucknow,Rice,2592,2836,2718,Rs./quintal
2026-06-13,Uttar Pradesh,Lucknow,Rice,2510,2787,2613,Rs./quintal
2026-06-16,Uttar Pradesh,Lucknow,Rice,2446,2824,2630,Rs./quintal
2026-06-19,Uttar Pradesh,Lucknow,Rice,2618,2902,2719,Rs./quintal
2026-06-22,Uttar Pradesh,Lucknow,Rice,2394,2743,2593,Rs./quintal
2026-06-25,Uttar Pradesh,Lucknow,Rice,2434,2753,2620,Rs./quintal
2026-06-28,Uttar Pradesh,Lucknow,Rice,2468,2784,2628,Rs./quintal
2026-07-01,Uttar Pradesh,Lucknow,Rice,2553,2874,2704,Rs./quintal
2026-07-04,Uttar Pradesh,Lucknow,Rice,2471,2753,2643,Rs./quintal
2026-07-07,Uttar Pradesh,Lucknow,Rice,2510,2844,2658,Rs./quintal
2026-07-10,Uttar Pradesh,Lucknow,Rice,2505,2815,2671,Rs./quintal
2026-07-13,Uttar Pradesh,Lucknow,Rice,2436,2827,2632,Rs./quintal
2026-07-16,Uttar Pradesh,Lucknow,Rice,2541,2933,2720,Rs./quintal
2026-07-19,Uttar Pradesh,Lucknow,Rice,2537,2757,2662,Rs./quintal
2026-07-22,Uttar Pradesh,Lucknow,Rice,2509,2777,2681,Rs./quintal
2026-07-25,Uttar Pradesh,Lucknow,Rice,2591,2898,2712,Rs./quintal
2026-07-28,Uttar Pradesh,Lucknow,Rice,2577,2830,2684,Rs./quintal
2026-07-31,Uttar Pradesh,Lucknow,Rice,2491,2793,2674,Rs./quintal
2026-02-01,Uttar Pradesh,Lucknow,Soybean,4288,4619,4471,Rs./quintal
2026-02-04,Uttar Pradesh,Lucknow,Soybean,4124,4623,4420,Rs./quintal
2026-02-07,Uttar Pradesh,Lucknow,Soybean,4010,4469,4256,Rs./quintal
2026-02-10,Uttar Pradesh,Lucknow,Soybean,4183,4779,4481,Rs./quintal
2026-02-13,Uttar Pradesh,Lucknow,Soybean,4069,4426,4234,Rs./quintal
2026-02-16,Uttar Pradesh,Lucknow,Soybean,4045,4427,4264,Rs./quintal
2026-02-19,Uttar Pradesh,Lucknow,Soybean,3973,4500,4177,Rs./quintal
2026-02-22,Uttar Pradesh,Lucknow,Soybean,4076,4614,4352,Rs./quintal
2026-02-25,Uttar Pradesh,Lucknow,Soybean,3917,4384,4097,Rs./quintal
2026-02-28,Uttar Pradesh,Lucknow,Soybean,3942,4439,4127,Rs./quintal
2026-03-03,Uttar Pradesh,Lucknow,Soybean,4103,4602,4330,Rs./quintal
2026-03-06,Uttar Pradesh,Lucknow,Soybean,3963,4394,4225,Rs./quintal
2026-03-09,Uttar Pradesh,Lucknow,Soybean,3856,4370,4073,Rs./quintal
2026-03-12,Uttar Pradesh,Lucknow,Soybean,3939,4413,4103,Rs./quintal
2026-03-15,Uttar Pradesh,Lucknow,Soybean,3859,4422,4146,Rs./quintal
2026-03-18,Uttar Pradesh,Lucknow,Soybean,4059,4539,4403,Rs./quintal
2026-03-21,Uttar Pradesh,Lucknow,Soybean,4073,4623,4403,Rs./quintal
2026-03-24,Uttar Pradesh,Lucknow,Soybean,3907,4401,4211,Rs./quintal
2026-03-27,Uttar Pradesh,Lucknow,Soybean,3933,4277,4103,Rs./quintal
2026-03-30,Uttar Pradesh,Lucknow,Soybean,3817,4406,4121,Rs./quintal
2026-04-02,Uttar Pradesh,Lucknow,Soybean,3889,4478,4197,Rs./quintal
2026-04-05,Uttar Pradesh,Lucknow,Soybean,3732,4174,4038,Rs./quintal
2026-04-08,Uttar Pradesh,Lucknow,Soybean,4048,4439,4225,Rs./quintal
2026-04-11,Uttar Pradesh,Lucknow,Soybean,3781,4169,3932,Rs./quintal
2026-04-14,Uttar Pradesh,Lucknow,Soybean,3817,4267,3989,Rs./quintal
2026-04-17,Uttar Pradesh,Lucknow,Soybean,3807,4189,4006,Rs./quintal
2026-04-20,Uttar Pradesh,Lucknow,Soybean,3839,4187,4060,Rs./quintal
2026-04-23,Uttar Pradesh,Lucknow,Soybean,3757,4214,4039,Rs./quintal
2026-04-26,Uttar Pradesh,Lucknow,Soybean,3960,4384,4197,Rs./quintal
2026-04-29,Uttar Pradesh,Lucknow,Soybean,3839,4195,3965,Rs./quintal
2026-05-02,Uttar Pradesh,Lucknow,Soybean,3903,4272,4043,Rs./quintal
2026-05-05,Uttar Pradesh,Lucknow,Soybean,3635,4163,3947,Rs./quintal
2026-05-08,Uttar Pradesh,Lucknow,Soybean,3761,4237,4007,Rs./quintal
2026-05-11,Uttar Pradesh,Lucknow,Soybean,3624,4199,3892,Rs./quintal
2026-05-14,Uttar Pradesh,Lucknow,Soybean,3735,4203,4009,Rs./quintal
2026-05-17,Uttar Pradesh,Lucknow,Soybean,3881,4266,4076,Rs./quintal
2026-05-20,Uttar Pradesh,Lucknow,Soybean,4046,4321,4176,Rs./quintal
2026-05-23,Uttar Pradesh,Lucknow,Soybean,3772,4129,3916,Rs./quintal
2026-05-26,Uttar Pradesh,Lucknow,Soybean,3661,4189,3949,Rs./quintal
2026-05-29,Uttar Pradesh,Lucknow,Soybean,3862,4275,4039,Rs./quintal
2026-06-01,Uttar Pradesh,Lucknow,Soybean,3702,4028,3863,Rs./quintal
2026-06-04,Uttar Pradesh,Lucknow,Soybean,3648,4040,3894,Rs./quintal
2026-06-07,Uttar Pradesh,Lucknow,Soybean,3696,4094,3898,Rs./quintal
2026-06-10,Uttar Pradesh,Lucknow,Soybean,3601,4029,3773,Rs./quintal
2026-06-13,Uttar Pradesh,Lucknow,Soybean,3871,4273,4086,Rs./quintal
2026-06-16,Uttar Pradesh,Lucknow,Soybean,3772,4293,4029,Rs./quintal
2026-06-19,Uttar Pradesh,Lucknow,Soybean,3828,4292,3975,Rs./quintal
2026-06-22,Uttar Pradesh,Lucknow,Soybean,3519,4050,3803,Rs./quintal
2026-06-25,Uttar Pradesh,Lucknow,Soybean,3755,4069,3920,Rs./quintal
2026-06-28,Uttar Pradesh,Lucknow,Soybean,3776,4279,4068,Rs./quintal
2026-07-01,Uttar Pradesh,Lucknow,Soybean,3755,4282,4073,Rs./quintal
2026-07-04,Uttar Pradesh,Lucknow,Soybean,3612,3967,3762,Rs./quintal
2026-07-07,Uttar Pradesh,Lucknow,Soybean,3777,4186,3987,Rs./quintal
2026-07-10,Uttar Pradesh,Lucknow,Soybean,3589,3981,3811,Rs./quintal
2026-07-13,Uttar Pradesh,Lucknow,Soybean,3867,4282,4054,Rs./quintal
2026-07-16,Uttar Pradesh,Lucknow,Soybean,3693,4181,3935,Rs./quintal
2026-07-19,Uttar Pradesh,Lucknow,Soybean,3548,3901,3750,Rs./quintal
2026-07-22,Uttar Pradesh,Lucknow,Soybean,3760,4154,3934,Rs./quintal
2026-07-25,Uttar Pradesh,Lucknow,Soybean,3577,4084,3793,Rs./quintal
2026-07-28,Uttar Pradesh,Lucknow,Soybean,3878,4351,4056,Rs./quintal
2026-07-31,Uttar Pradesh,Lucknow,Soybean,3546,4016,3748,Rs./quintal
2026-02-01,Uttar Pradesh,Lucknow,Onion,1204,1341,1298,Rs./quintal
2026-02-04,Uttar Pradesh,Lucknow,Onion,1424,1582,1522,Rs./quintal
2026-02-07,Uttar Pradesh,Lucknow,Onion,1334,1475,1409,Rs./quintal
2026-02-10,Uttar Pradesh,Lucknow,Onion,1091,1200,1156,Rs./quintal
2026-02-13,Uttar Pradesh,Lucknow,Onion,1206,1325,1272,Rs./quintal
2026-02-16,Uttar Pradesh,Lucknow,Onion,1337,1443,1383,Rs./quintal
2026-02-19,Uttar Pradesh,Lucknow,Onion,1406,1545,1459,Rs./quintal
2026-02-22,Uttar Pradesh,Lucknow,Onion,1193,1317,1254,Rs./quintal
2026-02-25,Uttar Pradesh,Lucknow,Onion,1168,1311,1233,Rs./quintal
2026-02-28,Uttar Pradesh,Lucknow,Onion,1079,1240,1163,Rs./quintal
2026-03-03,Uttar Pradesh,Lucknow,Onion,1230,1364,1318,Rs./quintal
2026-03-06,Uttar Pradesh,Lucknow,Onion,1459,1642,1537,Rs./quintal
2026-03-09,Uttar Pradesh,Lucknow,Onion,1284,1419,1339,Rs./quintal
2026-03-12,Uttar Pradesh,Lucknow,Onion,1265,1414,1317,Rs./quintal
2026-03-15,Uttar Pradesh,Lucknow,Onion,1399,1540,1483,Rs./quintal
2026-03-18,Uttar Pradesh,Lucknow,Onion,1484,1584,1531,Rs./quintal
2026-03-21,Uttar Pradesh,Lucknow,Onion,1428,1599,1540,Rs./quintal
2026-03-24,Uttar Pradesh,Lucknow,Onion,1470,1687,1570,Rs./quintal
2026-03-27,Uttar Pradesh,Lucknow,Onion,1156,1286,1222,Rs./quintal
2026-03-30,Uttar Pradesh,Lucknow,Onion,1387,1562,1481,Rs./quintal
2026-04-02,Uttar Pradesh,Lucknow,Onion,1255,1389,1324,Rs./quintal
2026-04-05,Uttar Pradesh,Lucknow,Onion,1364,1511,1445,Rs./quintal
2026-04-08,Uttar Pradesh,Lucknow,Onion,1425,1618,1506,Rs./quintal
2026-04-11,Uttar Pradesh,Lucknow,Onion,1597,1778,1650,Rs./quintal
2026-04-14,Uttar Pradesh,Lucknow,Onion,1573,1765,1646,Rs./quintal
2026-04-17,Uttar Pradesh,Lucknow,Onion,1438,1629,1523,Rs./quintal
2026-04-20,Uttar Pradesh,Lucknow,Onion,1497,1661,1579,Rs./quintal
2026-04-23,Uttar Pradesh,Lucknow,Onion,1316,1497,1428,Rs./quintal
2026-04-26,Uttar Pradesh,Lucknow,Onion,1412,1579,1481,Rs./quintal
2026-04-29,Uttar Pradesh,Lucknow,Onion,1296,1476,1367,Rs./quintal
2026-05-02,Uttar Pradesh,Lucknow,Onion,1686,1865,1795,Rs./quintal
2026-05-05,Uttar Pradesh,Lucknow,Onion,1568,1792,1703,Rs./quintal
2026-05-08,Uttar Pradesh,Lucknow,Onion,1471,1671,1598,Rs./quintal
2026-05-11,Uttar Pradesh,Lucknow,Onion,1307,1452,1393,Rs./quintal
2026-05-14,Uttar Pradesh,Lucknow,Onion,1697,1843,1786,Rs./quintal
2026-05-17,Uttar Pradesh,Lucknow,Onion,1396,1527,1479,Rs./quintal
2026-05-20,Uttar Pradesh,Lucknow,Onion,1566,1782,1679,Rs./quintal
2026-05-23,Uttar Pradesh,Lucknow,Onion,1740,1942,1810,Rs./quintal
2026-05-26,Uttar Pradesh,Lucknow,Onion,1735,1899,1789,Rs./quintal
2026-05-29,Uttar Pradesh,Lucknow,Onion,1492,1698,1581,Rs./quintal
2026-06-01,Uttar Pradesh,Lucknow,Onion,1735,1865,1807,Rs./quintal
2026-06-04,Uttar Pradesh,Lucknow,Onion,1392,1497,1443,Rs./quintal
2026-06-07,Uttar Pradesh,Lucknow,Onion,1734,1866,1800,Rs./quintal
2026-06-10,Uttar Pradesh,Lucknow,Onion,1578,1694,1640,Rs./quintal
2026-06-13,Uttar Pradesh,Lucknow,Onion,1615,1811,1750,Rs./quintal
2026-06-16,Uttar Pradesh,Lucknow,Onion,1650,1771,1703,Rs./quintal
2026-06-19,Uttar Pradesh,Lucknow,Onion,1600,1863,1738,Rs./quintal
2026-06-22,Uttar Pradesh,Lucknow,Onion,1737,1978,1856,Rs./quintal
2026-06-25,Uttar Pradesh,Lucknow,Onion,1790,2031,1885,Rs./quintal
2026-06-28,Uttar Pradesh,Lucknow,Onion,1633,1774,1689,Rs./quintal
2026-07-01,Uttar Pradesh,Lucknow,Onion,1871,2027,1962,Rs./quintal
2026-07-04,Uttar Pradesh,Lucknow,Onion,1848,2085,1955,Rs./quintal
2026-07-07,Uttar Pradesh,Lucknow,Onion,1469,1627,1559,Rs./quintal
2026-07-10,Uttar Pradesh,Lucknow,Onion,1532,1684,1621,Rs./quintal
2026-07-13,Uttar Pradesh,Lucknow,Onion,1841,1972,1914,Rs./quintal
2026-07-16,Uttar Pradesh,Lucknow,Onion,1557,1739,1661,Rs./quintal
2026-07-19,Uttar Pradesh,Lucknow,Onion,1736,1924,1818,Rs./quintal
2026-07-22,Uttar Pradesh,Lucknow,Onion,1631,1823,1762,Rs./quintal
2026-07-25,Uttar Pradesh,Lucknow,Onion,1769,2017,1904,Rs./quintal
2026-07-28,Uttar Pradesh,Lucknow,Onion,1946,2172,2031,Rs./quintal
2026-07-31,Uttar Pradesh,Lucknow,Onion,1531,1687,1631,Rs./quintal
2026-02-01,Uttar Pradesh,Lucknow,Tomato,1061,1172,1103,Rs./quintal
2026-02-04,Uttar Pradesh,Lucknow,Tomato,1324,1521,1424,Rs./quintal
2026-02-07,Uttar Pradesh,Lucknow,Tomato,966,1115,1047,Rs./quintal
2026-02-10,Uttar Pradesh,Lucknow,Tomato,991,1118,1069,Rs./quintal
2026-02-13,Uttar Pradesh,Lucknow,Tomato,1015,1173,1092,Rs./quintal
2026-02-16,Uttar Pradesh,Lucknow,Tomato,998,1137,1068,Rs./quintal
2026-02-19,Uttar Pradesh,Lucknow,Tomato,1049,1176,1111,Rs./quintal
2026-02-22,Uttar Pradesh,Lucknow,Tomato,1098,1214,1153,Rs./quintal
2026-02-25,Uttar Pradesh,Lucknow,Tomato,1241,1332,1291,Rs./quintal
2026-02-28,Uttar Pradesh,Lucknow,Tomato,1307,1470,1391,Rs./quintal
2026-03-03,Uttar Pradesh,Lucknow,Tomato,1119,1227,1172,Rs./quintal
2026-03-06,Uttar Pradesh,Lucknow,Tomato,1430,1550,1490,Rs./quintal
2026-03-09,Uttar Pradesh,Lucknow,Tomato,1353,1533,1431,Rs./quintal
2026-03-12,Uttar Pradesh,Lucknow,Tomato,1369,1583,1481,Rs./quintal
2026-03-15,Uttar Pradesh,Lucknow,Tomato,1129,1235,1197,Rs./quintal
2026-03-18,Uttar Pradesh,Lucknow,Tomato,1068,1165,1121,Rs./quintal
2026-03-21,Uttar Pradesh,Lucknow,Tomato,1077,1189,1134,Rs./quintal
2026-03-24,Uttar Pradesh,Lucknow,Tomato,1196,1300,1260,Rs./quintal
2026-03-27,Uttar Pradesh,Lucknow,Tomato,1363,1537,1432,Rs./quintal
2026-03-30,Uttar Pradesh,Lucknow,Tomato,1001,1114,1064,Rs./quintal
2026-04-02,Uttar Pradesh,Lucknow,Tomato,1402,1631,1516,Rs./quintal
2026-04-05,Uttar Pradesh,Lucknow,Tomato,1245,1372,1320,Rs./quintal
2026-04-08,Uttar Pradesh,Lucknow,Tomato,1111,1218,1157,Rs./quintal
2026-04-11,Uttar Pradesh,Lucknow,Tomato,1389,1549,1475,Rs./quintal
2026-04-14,Uttar Pradesh,Lucknow,Tomato,1513,1701,1622,Rs./quintal
2026-04-17,Uttar Pradesh,Lucknow,Tomato,1276,1398,1338,Rs./quintal
2026-04-20,Uttar Pradesh,Lucknow,Tomato,1640,1817,1701,Rs./quintal
2026-04-23,Uttar Pradesh,Lucknow,Tomato,1570,1746,1661,Rs./quintal
2026-04-26,Uttar Pradesh,Lucknow,Tomato,1537,1667,1588,Rs./quintal
2026-04-29,Uttar Pradesh,Lucknow,Tomato,1098,1249,1161,Rs./quintal
2026-05-02,Uttar Pradesh,Lucknow,Tomato,1728,1923,1785,Rs./quintal
2026-05-05,Uttar Pradesh,Lucknow,Tomato,1316,1451,1359,Rs./quintal
2026-05-08,Uttar Pradesh,Lucknow,Tomato,1234,1420,1317,Rs./quintal
2026-05-11,Uttar Pradesh,Lucknow,Tomato,1718,1961,1836,Rs./quintal
2026-05-14,Uttar Pradesh,Lucknow,Tomato,1633,1798,1732,Rs./quintal
2026-05-17,Uttar Pradesh,Lucknow,Tomato,1147,1329,1237,Rs./quintal
2026-05-20,Uttar Pradesh,Lucknow,Tomato,1315,1482,1423,Rs./quintal
2026-05-23,Uttar Pradesh,Lucknow,Tomato,1259,1420,1362,Rs./quintal
2026-05-26,Uttar Pradesh,Lucknow,Tomato,1597,1741,1660,Rs./quintal
2026-05-29,Uttar Pradesh,Lucknow,Tomato,1436,1614,1532,Rs./quintal
2026-06-01,Uttar Pradesh,Lucknow,Tomato,1713,1930,1794,Rs./quintal
2026-06-04,Uttar Pradesh,Lucknow,Tomato,1714,1898,1782,Rs./quintal
2026-06-07,Uttar Pradesh,Lucknow,Tomato,1706,1912,1845,Rs./quintal
2026-06-10,Uttar Pradesh,Lucknow,Tomato,1710,1972,1845,Rs./quintal
2026-06-13,Uttar Pradesh,Lucknow,Tomato,1860,2064,1935,Rs./quintal
2026-06-16,Uttar Pradesh,Lucknow,Tomato,1521,1673,1619,Rs./quintal
2026-06-19,Uttar Pradesh,Lucknow,Tomato,1590,1760,1661,Rs./quintal
2026-06-22,Uttar Pradesh,Lucknow,Tomato,1409,1584,1483,Rs./quintal
2026-06-25,Uttar Pradesh,Lucknow,Tomato,1482,1695,1582,Rs./quintal
2026-06-28,Uttar Pradesh,Lucknow,Tomato,1669,1875,1743,Rs./quintal
2026-07-01,Uttar Pradesh,Lucknow,Tomato,1769,1983,1908,Rs./quintal
2026-07-04,Uttar Pradesh,Lucknow,Tomato,1502,1670,1595,Rs./quintal
2026-07-07,Uttar Pradesh,Lucknow,Tomato,1802,1999,1914,Rs./quintal
2026-07-10,Uttar Pradesh,Lucknow,Tomato,1654,1776,1721,Rs./quintal
2026-07-13,Uttar Pradesh,Lucknow,Tomato,2007,2214,2133,Rs./quintal
2026-07-16,Uttar Pradesh,Lucknow,Tomato,1860,2037,1934,Rs./quintal
2026-07-19,Uttar Pradesh,Lucknow,Tomato,1433,1555,1502,Rs./quintal
2026-07-22,Uttar Pradesh,Lucknow,Tomato,1982,2127,2064,Rs./quintal
2026-07-25,Uttar Pradesh,Lucknow,Tomato,1586,1754,1672,Rs./quintal
2026-07-28,Uttar Pradesh,Lucknow,Tomato,1671,1908,1770,Rs./quintal
2026-07-31,Uttar Pradesh,Lucknow,Tomato,1660,1810,1732,Rs./quintal
